Date,Ticker,AdjClose,Target_Return,Return_lag1,MA7_lag1,MA30_lag1,Vol20_lag1,RSI14_lag1,BB_Upper_lag1,BB_Lower_lag1,MACD_lag1,MACD_Signal_lag1,OvernightGap_lag1,Range_lag1,MACD_Hist_lag1,Return_lag2_lag1,Return_lag3_lag1,Return_lag4_lag1,Return_lag5_lag1,DOW_0_lag1,DOW_1_lag1,DOW_2_lag1,DOW_3_lag1,DOW_4_lag1
2024-11-27,AAPL,234.09896850585932,0.0101639788697811,0.0093604335698458,229.4170139857701,228.08191731770836,0.0110105311993756,63.52345094616145,233.07094369567776,219.14667562805263,1.0337370841077984,0.1051484802577423,0.0055323128246325,0.0095633344774946,0.928588603850056,0.0058902221394747,-0.0020982694404754,0.0031490574990726,0.0011395955263564,0.0,1.0,0.0,0.0,0.0
2024-11-29,AAPL,236.490478515625,0.0094775235180488,-0.0005531679103363,230.40066528320312,228.19500732421875,0.0103751434923845,63.18987500469251,234.097707228266,218.62640165845275,1.3904574764086988,0.3622102794879336,0.0010310481180326,0.0080308123304074,1.0282471969207652,0.0129663914348787,0.0058902221394747,-0.0020982694404754,0.0031490574990726,0.0,0.0,1.0,0.0,0.0
2024-12-02,AAPL,238.7424774169922,0.0126909611078458,0.0101639788697811,231.6889495849609,228.3755376180013,0.0094803192090104,66.66986495713243,235.8620003408283,218.02480691014827,1.8448693232763844,0.6587420882456239,0.0030373010922368,0.0162374247030706,1.1861272350307606,0.0093604335698458,0.0129663914348787,0.0058902221394747,-0.0020982694404754,0.0,0.0,0.0,0.0,1.0
2024-12-03,AAPL,241.79165649414065,0.0014824872160392,0.0094775235180488,233.19645472935267,228.5365748087565,0.0088182910609638,69.5857381493289,237.80930208859937,217.76401334108812,2.3595124851960065,0.9988961676357004,0.0032962247010059,0.015204624092441,1.360616317560306,-0.0005531679103363,0.0093604335698458,0.0129663914348787,0.0058902221394747,1.0,0.0,0.0,0.0,0.0
2024-12-04,AAPL,242.1503753662109,0.000123499209101,0.0126909611078458,235.2078857421875,228.750146484375,0.0088423457943151,73.0265961812234,240.11601164678797,217.5383157457902,2.9790732651027554,1.3949315871291117,0.0044714294379084,0.0159641596667133,1.5841416779736437,0.0101639788697811,-0.0005531679103363,0.0093604335698458,0.0129663914348787,0.0,1.0,0.0,0.0,0.0
2024-12-05,AAPL,242.18028259277344,-0.0008232589737842,0.0014824872160392,237.07838657924108,228.996245320638,0.0088542440911976,73.40775022314,242.14487347333164,217.48300586016444,3.459150330150919,1.8077753357334732,0.0044597842567533,0.0118108452486448,1.6513749944174458,0.0094775235180488,0.0101639788697811,-0.0005531679103363,0.0093604335698458,0.0,0.0,1.0,0.0,0.0
2024-12-06,AAPL,241.98098754882807,0.0159728677859725,0.000123499209101,238.5261056082589,229.4125544230143,0.0087341387124431,73.44144602243419,243.7197822714097,217.9572990274184,3.798244329898523,2.205869134566484,0.0075970566808787,0.0099512164141484,1.5923751953320395,0.0126909611078458,0.0094775235180488,0.0101639788697811,-0.0005531679103363,0.0,0.0,0.0,1.0,0.0
2024-12-09,AAPL,245.8771514892578,0.0041252640504554,-0.0008232589737842,239.63360377720423,229.82852427164715,0.0078573147860864,72.77963252003848,245.2331280109072,217.99943271907333,4.004733251210553,2.5656419578952976,0.0030131316287336,0.0105380306014465,1.439091293315255,0.0014824872160392,0.0126909611078458,0.0094775235180488,0.0101639788697811,0.0,0.0,0.0,0.0,1.0
2024-12-10,AAPL,246.8935546875,-0.00517951235578,0.0159728677859725,241.31620134626115,230.34649556477865,0.0082652752401451,77.12041439444015,247.362572644082,217.84198668208987,4.431679435506823,2.938849453417603,-0.0006239569451418,0.0223282458736469,1.4928299820892197,0.000123499209101,0.0014824872160392,0.0126909611078458,0.0094775235180488,1.0,0.0,0.0,0.0,0.0
2024-12-11,AAPL,245.6180725097656,0.005946133195982,0.0041252640504554,242.8023550851005,230.8323216756185,0.007325980153903,78.10148902777475,249.18248830449383,218.3677436290999,4.79675855941062,3.3104312746162066,0.004119325013552,0.0116244848092903,1.4863272847944131,-0.0008232589737842,0.000123499209101,0.0014824872160392,0.0126909611078458,0.0,1.0,0.0,0.0,0.0
2024-12-12,AAPL,247.08290100097656,0.0006852539488901,-0.00517951235578,243.78458295549663,231.26667327880855,0.0075982062546183,73.82348217565885,250.35138548556648,219.4169708376757,4.926377430804735,3.633620505853912,0.0043194810318845,0.0184840166626636,1.2927569249508224,0.0159728677859725,-0.0008232589737842,0.000123499209101,0.0014824872160392,0.0,0.0,1.0,0.0,0.0
2024-12-13,AAPL,247.2522735595703,0.0116594774678802,0.005946133195982,244.54047502790175,231.8683008829753,0.0076005653473236,75.48430547622922,251.56663783348648,220.477641646494,5.088642039534278,3.924624812589985,0.0051784743153713,0.0123845592106381,1.164017226944293,0.0041252640504554,0.0159728677859725,-0.0008232589737842,0.000123499209101,0.0,0.0,0.0,1.0,0.0
2024-12-16,AAPL,250.1519775390625,0.0096726242277735,0.0006852539488901,245.26931762695312,232.61459350585935,0.0073560836844962,75.67647258612416,252.77591313952377,221.2523232496364,5.171293409571632,4.173958531986314,0.0029832348586487,0.0123355298176212,0.9973348775853176,-0.00517951235578,0.0041252640504554,0.0159728677859725,-0.0008232589737842,0.0,0.0,0.0,0.0,1.0
2024-12-17,AAPL,252.58334350585932,-0.0216545447004437,0.0116594774678802,246.4081311907087,233.5570795694987,0.0061229388204805,78.74784907808966,253.9043865172944,222.7186389954009,5.408432055006898,4.420853236590432,0.002983721536603,0.0149109794094897,0.9875788184164662,0.005946133195982,-0.00517951235578,0.0041252640504554,0.0159728677859725,1.0,0.0,0.0,0.0,0.0
2024-12-18,AAPL,247.1725616455078,0.0069902097345204,0.0096726242277735,247.9227534702846,234.6104731241862,0.0059272965494938,80.92303837211271,255.4958387884452,223.66418013245328,5.726545007556695,4.681991590783684,-0.0002877279193068,0.0160343235446317,1.0445534167730104,0.0006852539488901,0.005946133195982,-0.00517951235578,0.0041252640504554,0.0,1.0,0.0,0.0,0.0
2024-12-19,AAPL,248.90640258789065,0.0186410001943064,-0.0216545447004437,248.1078120640346,235.43572998046875,0.0084306632225116,64.98303134899523,255.7473425217866,225.38268372333056,5.47888970793025,4.841371214212998,-0.001676040224482,0.0264592204029198,0.637518493717252,0.0116594774678802,0.0006852539488901,0.005946133195982,-0.00517951235578,0.0,0.0,1.0,0.0,0.0
2024-12-20,AAPL,253.5897827148437,0.0030603105496629,0.0069902097345204,248.3953617640904,236.3430013020833,0.0084503213622081,67.21181357126059,256.0366661559256,227.1650062073556,5.360732386442294,4.945243448658857,0.0013247358538193,0.0197263051936785,0.4154889377834365,0.0096726242277735,0.0116594774678802,0.0006852539488901,0.005946133195982,0.0,0.0,0.0,1.0,0.0
2024-12-23,AAPL,254.36703491210932,0.0114125959234216,0.0186410001943064,249.53417750767295,237.248454284668,0.0088796268408214,72.334148456077,256.7147043134232,229.07478238091275,5.580670992139488,5.072328957354984,-0.0034808638618764,0.0367128259621667,0.5083420347845049,-0.0216545447004437,0.0096726242277735,0.0116594774678802,0.0006852539488901,0.0,0.0,0.0,0.0,1.0
2024-12-24,AAPL,257.2866516113281,0.0031707162244396,0.0030603105496629,250.57476806640625,238.18878326416012,0.0088936364174431,73.08563623448691,257.2615193178841,231.0589839169792,5.751393197614192,5.208141805406825,0.0046540580025824,0.0086489074694854,0.5432513922073667,0.0069902097345204,-0.0216545447004437,0.0096726242277735,0.0116594774678802,1.0,0.0,0.0,0.0,0.0
2024-12-26,AAPL,258.1037292480469,-0.0133306027064739,0.0114125959234216,252.0082506452288,239.3171106974284,0.0088291471248255,75.75024692209033,258.4728188399693,232.37172461706197,6.052510865116204,5.377015617348701,0.0044147645996768,0.0113492019529891,0.6754952477675031,0.0186410001943064,0.0069902097345204,-0.0216545447004437,0.0096726242277735,0.0,1.0,0.0,0.0,0.0
2024-12-27,AAPL,254.68588256835932,-0.0133521653426491,0.0031707162244396,253.1442151750837,240.47267405192056,0.0087826216768414,76.45285018396935,259.72306000929973,233.50900633591507,6.28463476520372,5.558539446919705,0.0035110676143539,0.0095698005910227,0.7260953182840142,0.0030603105496629,0.0186410001943064,0.0069902097345204,-0.0216545447004437,0.0,0.0,0.0,1.0,0.0
2024-12-30,AAPL,251.3078765869141,-0.0070828888761305,-0.0133306027064739,253.44457789829795,241.48474782307943,0.0096212858520127,67.62627463545066,259.8132981653377,235.47745958612717,6.122229712303465,5.6712774999964575,-0.001060591710855,0.0221449834264909,0.4509522123070075,0.0114125959234216,0.0030603105496629,0.0186410001943064,0.0069902097345204,0.0,0.0,0.0,0.0,1.0
2024-12-31,AAPL,249.5341796875,-0.0265861982798947,-0.0133521653426491,254.03533717564173,242.2812535603841,0.0102709287661365,60.225586236345066,259.4485703914654,237.32392716712832,5.655749724049173,5.668171944807001,-0.0096428071161782,0.0109427529186452,-0.0124222207578279,0.0031707162244396,0.0114125959234216,0.0030603105496629,0.0186410001943064,1.0,0.0,0.0,0.0,0.0
2025-01-02,AAPL,242.9874267578125,-0.0020115135722953,-0.0070828888761305,254.12501961844308,243.1255900065104,0.0103913377239612,56.71592384576352,259.0177632871904,238.83390449845407,5.08432947091606,5.551403450028813,0.0045049358176427,0.0154287725566778,-0.4670739791127527,-0.0133306027064739,0.0031707162244396,0.0114125959234216,0.0030603105496629,0.0,1.0,0.0,0.0,0.0
2025-01-03,AAPL,242.4991455078125,0.0067163916083226,-0.0265861982798947,252.6103973388672,243.6513905843099,0.0119073059816715,46.04906895445274,258.9124084295668,239.0588363824449,4.056446366851873,5.252412033393425,-0.0024212595343667,0.0299603929159383,-1.1959656665415528,-0.0133521653426491,-0.0133306027064739,0.0031707162244396,0.0114125959234216,0.0,0.0,0.0,1.0,0.0
2025-01-06,AAPL,244.1333465576172,-0.0114530510129542,-0.0020115135722953,250.9149845668248,244.15227915445965,0.0119138497024364,45.363786745076645,258.88039095956503,239.1257308666069,3.165946326723514,4.835118892059443,0.0015333050664816,0.009443304558197,-1.6691725653359288,-0.0070828888761305,-0.0133521653426491,-0.0133306027064739,0.0031707162244396,0.0,0.0,0.0,0.0,1.0
2025-01-07,AAPL,241.3532257080078,0.002020928194887,0.0067163916083226,249.0359409877232,244.68372599283853,0.0120062022105106,48.14515238645295,258.7295187371077,239.4719094855485,2.5625455661888736,4.380604226885329,0.007467457450166,0.0169170043381918,-1.8180586606964555,-0.0265861982798947,-0.0070828888761305,-0.0133521653426491,-0.0133306027064739,1.0,0.0,0.0,0.0,0.0
2025-01-08,AAPL,241.8414764404297,-0.0243990563909335,-0.0114530510129542,246.6430119105748,245.1384455362956,0.0122950823636603,44.037938255549335,258.7994127172856,239.33923932128863,1.83881686191296,3.872246753890856,-0.0047242658421755,0.0174018678885337,-2.0334298919778955,-0.0020115135722953,-0.0265861982798947,-0.0070828888761305,-0.0133521653426491,0.0,1.0,0.0,0.0,0.0
2025-01-10,AAPL,236.01217651367188,-0.0103979566208423,0.002020928194887,244.808096749442,245.5645991007487,0.0117155015850884,44.92652770011158,259.03396570889646,238.70111882479492,1.2897865467685108,3.3557547124663865,0.0023483111082309,0.0151338956244377,-2.065968165697876,0.0067163916083226,-0.0020115135722953,-0.0265861982798947,-0.0070828888761305,0.0,0.0,1.0,0.0,0.0
2025-01-13,AAPL,233.5708465576172,-0.0047896300313734,-0.0243990563909335,242.6229967389788,245.6967966715495,0.012769648119304,37.309507000064514,259.9888550605834,236.65809165572523,0.3799207895006304,2.7605879278732357,-0.0075730679474447,0.0303374332963476,-2.380667138372605,-0.0114530510129542,0.0067163916083226,-0.0020115135722953,-0.0265861982798947,0.0,0.0,0.0,0.0,1.0
2025-01-14,AAPL,232.45480346679688,0.0194848465519212,-0.0103979566208423,240.34252057756697,245.67487487792968,0.0128853677419078,34.65920343008385,261.09389974661684,234.3483243744769,-0.5320165471837015,2.102067032861848,-0.0105171596272755,0.0211927002928472,-2.6340835800455493,0.002020928194887,-0.0114530510129542,0.0067163916083226,-0.0020115135722953,1.0,0.0,0.0,0.0,0.0
2025-01-15,AAPL,237.028564453125,-0.041238900864382,-0.0047896300313734,238.83786010742188,245.6200693766276,0.0127371191878301,33.488072557316684,262.00831453891874,231.97109982875705,-1.329463578358684,1.4157609106177416,0.0050483759414381,0.0157019508396853,-2.745224488976426,-0.0243990563909335,0.002020928194887,-0.0114530510129542,0.0067163916083226,0.0,1.0,0.0,0.0,0.0
2025-01-16,AAPL,227.4525756835937,0.0075069393505229,0.0194848465519212,238.0563485281808,245.63800557454428,0.0136857564790794,42.1197367430956,262.14163565374054,230.81540780329075,-1.5742350075396132,0.8177617269862706,0.0094005195429902,0.0191116798455816,-2.391996734525884,-0.0103979566208423,-0.0243990563909335,0.002020928194887,-0.0114530510129542,0.0,0.0,1.0,0.0,0.0
2025-01-17,AAPL,229.16647338867188,-0.0324361874403082,-0.041238900864382,235.6733812604632,245.2616755167643,0.0158282032305524,32.58501924277522,263.0431597657882,227.64394350569617,-2.51196403472332,0.1518165746443525,0.001356130435723,0.043877259677297,-2.663780609367673,-0.0047896300313734,-0.0103979566208423,-0.0243990563909335,0.002020928194887,0.0,0.0,0.0,1.0,0.0
2025-01-21,AAPL,221.8524475097656,0.0053306515178981,0.0075069393505229,233.9324166434152,244.84083607991536,0.0157314081017121,35.403512733796575,262.9227391012628,225.4226771585029,-3.0813044637672533,-0.4948076330379687,0.0205204070323941,0.0166254579138717,-2.5864968307292844,0.0194848465519212,-0.0047896300313734,-0.0103979566208423,-0.0243990563909335,0.0,0.0,0.0,0.0,1.0
2025-01-22,AAPL,223.0382232666016,-0.0007596765183812,-0.0324361874403082,231.07684108189173,244.1642384847005,0.0165028613175996,29.697455312357175,264.0680718734782,221.74533297271327,-4.0757093775604005,-1.2109879819424552,-0.0225446301645939,0.0227177718465826,-2.8647213956179454,-0.041238900864382,0.0194848465519212,-0.0047896300313734,-0.0103979566208423,0.0,1.0,0.0,0.0,0.0
2025-01-23,AAPL,222.8688507080078,-0.0039423949968302,0.0053306515178981,229.22341918945312,243.5261698404948,0.0164413211207276,31.62160753580332,264.3352690136485,218.891317900414,-4.713762917707044,-1.911542969095373,-0.0092965132762035,0.0194137209651233,-2.802219948611671,0.0075069393505229,-0.041238900864382,0.0194848465519212,-0.0047896300313734,0.0,0.0,1.0,0.0,0.0
2025-01-24,AAPL,221.991943359375,0.0312857201278582,-0.0007596765183812,227.6945626395089,242.88909861246745,0.0154875225320219,31.489035201434618,263.5320090419289,216.62248467145,-5.173455520299967,-2.563925479336292,0.0076300026140736,0.0212232248360991,-2.6095300409636755,-0.0324361874403082,0.0075069393505229,-0.041238900864382,0.0194848465519212,0.0,0.0,0.0,1.0,0.0
2025-01-27,AAPL,229.04690551757807,0.0358920168761294,-0.0039423949968302,226.19986833844865,242.092925008138,0.0153394911078011,30.76977080491973,262.2274269398012,214.6895576183043,-5.54460950717629,-3.160062284904292,0.0085752139216304,0.0190097043921613,-2.384547222271998,0.0053306515178981,-0.0324361874403082,0.0075069393505229,-0.041238900864382,0.0,0.0,0.0,0.0,1.0
2025-01-28,AAPL,237.41717529296875,0.0046062706763612,0.0312857201278582,225.05963134765625,241.498036702474,0.0171219291553355,42.20720414080898,259.4202439478895,214.6727660008409,-5.209424230630958,-3.569934674049625,0.0091357410651735,0.0356695417931257,-1.6394895565813332,-0.0007596765183812,0.0053306515178981,-0.0324361874403082,0.0075069393505229,1.0,0.0,0.0,0.0,0.0
2025-01-29,AAPL,238.5133056640625,-0.0074222347364747,0.0358920168761294,226.48314557756697,241.22467346191405,0.0194329196892016,52.28024244146368,256.0810531846557,215.94330136856695,-4.219734197344849,-3.69989457870867,0.007872189243784,0.0395085354344636,-0.5198396186361789,-0.0039423949968302,-0.0007596765183812,0.0053306515178981,-0.0324361874403082,0.0,1.0,0.0,0.0,0.0
2025-01-30,AAPL,236.7495574951172,-0.0067146525951615,0.0046062706763612,227.8184073311942,240.9390202840169,0.0194021223868393,53.42508634868691,253.31187578424704,217.09522107854596,-3.308807284713282,-3.621677119909593,-0.0138877070359909,0.0245269591448082,0.3128698351963104,0.0312857201278582,-0.0039423949968302,-0.0007596765183812,0.0053306515178981,0.0,0.0,1.0,0.0,0.0
2025-01-31,AAPL,235.16519165039065,-0.0344423588916189,-0.0074222347364747,229.94656590053012,240.58892974853515,0.0192850631744889,51.29271525264713,250.9554334698313,217.995831483782,-2.698108762257192,-3.4369634483791125,0.0006569549839015,0.0151214076602422,0.7388546861219205,0.0358920168761294,0.0312857201278582,-0.0039423949968302,-0.0007596765183812,0.0,0.0,0.0,1.0,0.0
2025-02-03,AAPL,227.2034454345703,0.0207902940274467,-0.0067146525951615,231.67898995535717,240.0893702189128,0.0192811190983747,49.38583452197544,248.64918375742792,218.8651823924744,-2.315281739259774,-3.212627106555245,0.0440991107090216,0.0584695375344557,0.897345367295471,0.0046062706763612,0.0358920168761294,0.0312857201278582,-0.0039423949968302,0.0,0.0,0.0,0.0,1.0
2025-02-04,AAPL,231.9765167236328,-0.0014185723023665,-0.0344423588916189,232.2982177734375,239.24337361653645,0.019859030335852,41.11410661632304,247.468168224287,218.46779979329116,-2.62408611464906,-3.0949189081740083,-0.0220065993649275,0.0269802461449811,0.4708327935249481,-0.0074222347364747,0.0046062706763612,0.0358920168761294,0.0312857201278582,1.0,0.0,0.0,0.0,0.0
2025-02-05,AAPL,231.64767456054688,0.0032210209377661,0.0207902940274467,233.7245853969029,238.7368387858073,0.0205817757466938,46.86038331453989,246.23213563126495,218.6515695078952,-2.455364925702355,-2.967008111679678,0.000204902550402,0.0279339093363838,0.5116431859773227,-0.0067146525951615,-0.0074222347364747,0.0046062706763612,0.0358920168761294,0.0,1.0,0.0,0.0,0.0
2025-02-06,AAPL,232.39501953125,-0.0242606870841832,-0.0014185723023665,234.09612383161272,238.1615478515625,0.0204760264876237,46.52354435279592,244.46219874019823,219.17293919925487,-2.3214270165947823,-2.8378918926626997,-0.0148571846539189,0.018994336570965,0.5164648760679169,-0.0344423588916189,-0.0067146525951615,-0.0074222347364747,0.0046062706763612,0.0,0.0,1.0,0.0,0.0
2025-02-07,AAPL,226.8247985839844,0.001186633338146,0.0032210209377661,233.37867300851005,237.4550557454427,0.0204058250399797,47.44807939675297,243.2005181436484,219.53879917812893,-2.1304176369633296,-2.6963970415228253,-0.0015440745308262,0.0145012160018489,0.5659794045594957,0.0207902940274467,-0.0344423588916189,-0.0067146525951615,-0.0074222347364747,0.0,0.0,0.0,1.0,0.0
2025-02-10,AAPL,227.0941162109375,0.0215968867293856,-0.0242606870841832,231.7088862827846,236.53698120117187,0.0209788264935808,41.66606417434514,241.52102760001344,219.7166219361194,-2.4008362596896404,-2.6372848851561885,0.0008820609524209,0.0297145882427334,0.2364486254665481,-0.0014185723023665,0.0207902940274467,-0.0344423588916189,-0.0067146525951615,0.0,0.0,0.0,0.0,1.0
2025-02-11,AAPL,232.051986694336,0.0181052537440615,0.001186633338146,230.32953752790175,235.5305633544922,0.0203902592049417,42.033864390842766,240.87397299179648,219.47187051406289,-2.563858717399881,-2.6225996516049275,0.0121027716430128,0.0149277288474512,0.058740934205046,0.0032210209377661,-0.0014185723023665,0.0207902940274467,-0.0344423588916189,1.0,0.0,0.0,0.0,0.0
2025-02-12,AAPL,236.29161071777344,0.0194822190376466,0.0215968867293856,229.8847939627511,234.66217193603515,0.0209383251452237,48.474490372509685,240.7177529310876,219.47620458844364,-2.266865462315991,-2.55145281374714,0.0048697022880042,0.0305965527202264,0.2845873514311492,-0.0242606870841832,0.0032210209377661,-0.0014185723023665,0.0207902940274467,0.0,1.0,0.0,0.0,0.0
2025-02-13,AAPL,240.9402313232422,0.0126305817888336,0.0181052537440615,231.18310328892295,234.0490295410156,0.0213041177972555,53.25731280485871,241.2228999056997,219.3547383389292,-1.670141588659078,-2.375190568729528,-0.0036715468728826,0.0265773889263753,0.7050489800704498,0.001186633338146,-0.0242606870841832,0.0032210209377661,-0.0014185723023665,0.0,0.0,1.0,0.0,0.0
2025-02-14,AAPL,244.00274658203125,-0.0005316289472849,0.0194822190376466,232.46363394601005,233.70344136555988,0.021303996637486,57.87460529509207,242.04791531860383,218.9208896130368,-0.8127597978801191,-2.0627044145596463,0.0026170753267855,0.028098209155404,1.2499446166795272,0.0215968867293856,0.001186633338146,-0.0242606870841832,0.0032210209377661,0.0,0.0,0.0,1.0,0.0
2025-02-18,AAPL,243.87306213378903,0.0016348310731748,0.0126305817888336,234.22864423479356,233.51906026204423,0.0189860875775186,60.63352511575915,244.2490357728719,218.37478624861248,0.1125435038345017,-1.6276548308808167,0.001285666055256,0.018688304219808,1.7401983347153185,0.0181052537440615,0.0215968867293856,0.001186633338146,-0.0242606870841832,0.0,0.0,0.0,0.0,1.0
2025-02-19,AAPL,244.27207946777344,0.0039128488608008,-0.0005316289472849,235.86836460658483,233.5485814412435,0.0189821488776437,60.45297113382274,246.09504689670624,217.9994339992898,0.8258684878954341,-1.1369501671255668,0.0006034658073148,0.0136956345594999,1.962818655021001,0.0194822190376466,0.0181052537440615,0.0215968867293856,0.001186633338146,0.0,1.0,0.0,0.0,0.0
2025-02-20,AAPL,245.2297515869141,-0.0011396928583158,0.0016348310731748,238.36083330426897,233.6076792399089,0.0170552097133461,60.83936702359599,247.367925562048,218.96851852974885,1.4071601745528142,-0.6281280987898907,0.0032268489247435,0.0116672803987105,2.035288273342705,0.0126305817888336,0.0194822190376466,0.0181052537440615,0.0215968867293856,0.0,0.0,1.0,0.0,0.0
2025-02-21,AAPL,244.950424194336,0.0062925351561951,0.0039128488608008,240.9516383579799,233.64422607421875,0.0170558936135272,61.80396573418913,248.61208145859024,219.9435154652379,1.9229476174830893,-0.1179129555352946,0.002734340228683,0.0101537659156399,2.040860573018384,-0.0005316289472849,0.0126305817888336,0.0194822190376466,0.0181052537440615,0.0,0.0,0.0,1.0,0.0
2025-02-24,AAPL,246.49664306640625,-0.0002428734861172,-0.0011396928583158,242.79427228655135,233.76413269042968,0.0170625563396528,61.32945347419798,249.41455692440755,221.34919734805337,2.282858128433816,0.3622412612585274,0.0029370227579128,0.0141661368095861,1.9206168671752883,0.0016348310731748,-0.0005316289472849,0.0126305817888336,0.0194822190376466,0.0,0.0,0.0,0.0,1.0
2025-02-25,AAPL,246.4367828369141,-0.02741243449013,0.0062925351561951,244.25213405064173,233.9193049112956,0.0169420215399916,63.02191063980661,249.9808897985424,223.23333444462165,2.662168915942857,0.8222267921953933,-8.341083148522e-05,0.0180124255899506,1.839942123747464,0.0039128488608008,0.0016348310731748,-0.0005316289472849,0.0126305817888336,1.0,0.0,0.0,0.0,0.0
2025-02-26,AAPL,239.77310180664065,-0.0128126687845382,-0.0002428734861172,245.037355695452,234.26679178873695,0.0158202023072511,62.90712453751792,251.04064881946044,223.9125631556372,2.9242364500609312,1.242628723768501,0.0060988941467601,0.0206543693652221,1.6816077262924305,-0.0011396928583158,0.0039128488608008,0.0016348310731748,-0.0005316289472849,0.0,1.0,0.0,0.0,0.0
2025-02-27,AAPL,236.72056579589844,0.0189511915179521,-0.02741243449013,244.43312072753903,234.4735336303711,0.0153578077547937,51.6329408889016,251.1971366884732,223.99166793799168,2.5646596900454317,1.507034917023887,-0.0085489713897686,0.0243980279716451,1.0576247730215442,0.0062925351561951,-0.0011396928583158,0.0039128488608008,0.0016348310731748,0.0,0.0,1.0,0.0,0.0
2025-02-28,AAPL,241.24948120117188,-0.0158796685106041,-0.0128126687845382,243.41133553641183,234.6157257080078,0.0156042480378569,47.43873585586596,251.1056308331119,223.90389980653657,2.010205969061872,1.607669127431484,-0.0015143406069965,0.0228117448820622,0.4025368416303876,-0.0002428734861172,0.0062925351561951,-0.0011396928583158,0.0039128488608008,0.0,0.0,0.0,1.0,0.0
2025-03-03,AAPL,237.4487762451172,-0.0088615299813863,0.0189511915179521,242.97953578404025,234.7564229329427,0.0160845410387233,53.47695687210305,251.42656805095368,224.03295495930024,1.9141775764719569,1.6689708172395787,0.000969206674428,0.0492850775489697,0.2452067592323781,-0.02741243449013,-0.0002428734861172,0.0062925351561951,-0.0011396928583158,0.0,0.0,0.0,0.0,1.0
2025-03-04,AAPL,235.3539123535156,-0.0008056198073234,-0.0158796685106041,241.8679678780692,235.0896296183268,0.0164407560699023,48.4469951359425,251.488705426877,224.1991760428496,1.5139375279316596,1.637964159377995,0.0022404694189175,0.0333545545872576,-0.1240266314463354,-0.0128126687845382,-0.02741243449013,-0.0002428734861172,0.0062925351561951,1.0,0.0,0.0,0.0,0.0
2025-03-05,AAPL,235.1643829345703,-0.0017407085721279,-0.0088615299813863,240.49703761509485,235.2958775838216,0.0144558890870607,45.88518566783141,251.01664461786055,225.4862835437605,1.0159946435294671,1.5135702562082896,0.0011001550434621,0.0229017422932888,-0.4975756126788224,0.0189511915179521,-0.0128126687845382,-0.02741243449013,-0.0002428734861172,0.0,1.0,0.0,0.0,0.0
2025-03-06,AAPL,234.75538635253903,0.0157676014687853,-0.0008056198073234,238.87814331054688,235.73960876464844,0.0137490462518089,45.64999169444449,250.92324025416232,225.8984745285525,0.599171009583074,1.3306904068832466,0.0002807933582613,0.0311271938074713,-0.7315193973001726,-0.0158796685106041,0.0189511915179521,-0.0128126687845382,-0.02741243449013,0.0,0.0,1.0,0.0,0.0
2025-03-07,AAPL,238.4862518310547,-0.0496941017402123,-0.0017407085721279,237.2093723842076,236.13018086751305,0.013751825497892,45.11261426623296,250.7990515510476,226.3334344108665,0.2331451187840514,1.1111813492634075,-0.0030803154972902,0.0200208268754443,-0.8780362304793563,-0.0088615299813863,-0.0158796685106041,0.0189511915179521,-0.0128126687845382,0.0,0.0,0.0,1.0,0.0
2025-03-10,AAPL,226.924545288086,-0.0296239010368237,0.0157676014687853,237.0255366734096,236.65076090494796,0.0141547697827248,50.80194575294188,250.75502562841515,226.9865835634794,0.2413346713583166,0.9372120136823896,0.0015105692070469,0.0277164849529108,-0.6958773423240728,-0.0008056198073234,-0.0088615299813863,-0.0158796685106041,0.0189511915179521,0.0,0.0,0.0,0.0,1.0
2025-03-11,AAPL,220.30075073242188,-0.0176332558390068,-0.0496941017402123,235.62610517229356,236.81518096923827,0.0173526527285232,37.74492052897643,250.7387925588962,227.0127913034085,-0.6773006418343641,0.6143094825790388,-0.0123539974413662,0.0526166194417096,-1.291610124413403,-0.0017407085721279,-0.0008056198073234,-0.0088615299813863,-0.0158796685106041,1.0,0.0,0.0,0.0,0.0
2025-03-12,AAPL,216.4501800537109,-0.0342226524187116,-0.0296239010368237,232.63342939104356,236.52364247639971,0.0185688394081646,32.57875850777583,252.08826860711156,224.9839787073416,-1.917704505421966,0.1079066849788378,-0.0137250367761594,0.0380842977690938,-2.025611190400804,0.0157676014687853,-0.0017407085721279,-0.0008056198073234,-0.0088615299813863,0.0,1.0,0.0,0.0,0.0
2025-03-13,AAPL,209.16799926757807,0.0180074730689181,-0.0176332558390068,229.63362993512837,235.8247426350912,0.0180636954056716,30.00751903642322,254.3373294443606,221.17473720603004,-3.17484474322481,-0.5486436006618918,-0.0007296903993245,0.031600788394786,-2.626201142562918,-0.0496941017402123,0.0157676014687853,-0.0017407085721279,-0.0008056198073234,0.0,0.0,1.0,0.0,0.0
2025-03-14,AAPL,212.9687042236328,0.0023860399068968,-0.0342226524187116,225.8927852085658,234.84656575520836,0.0185556296011919,25.85201725053,257.3474500399046,215.4522554654665,-4.704517815688064,-1.3798184436671264,-0.0023108463358385,0.0402547148628316,-3.324699372020937,-0.0296239010368237,-0.0496941017402123,0.0157676014687853,-0.0017407085721279,0.0,0.0,0.0,1.0,0.0
2025-03-17,AAPL,213.4774627685547,-0.0061402704227981,0.0180074730689181,222.72197396414617,234.05387064615888,0.0184512707771022,31.206621811295363,258.27806433818125,211.72448845722892,-5.546176747013192,-2.21309010433634,0.0099537249469912,0.0205194238896184,-3.333086642676852,-0.0176332558390068,-0.0296239010368237,-0.0496941017402123,0.0157676014687853,0.0,0.0,0.0,0.0,1.0
2025-03-18,AAPL,212.1706695556641,0.0119179250253518,0.0023860399068968,219.68227059500555,233.3309463500977,0.0180394758946345,31.915398144983698,258.2232200527954,208.7268043612671,-6.101807117009059,-2.990833506870884,0.001602551587122,0.0245927599659167,-3.1109736101381755,-0.0342226524187116,-0.0176332558390068,-0.0296239010368237,-0.0496941017402123,1.0,0.0,0.0,0.0,0.0
2025-03-19,AAPL,214.7144317626953,-0.0053104452842838,-0.0061402704227981,215.9229016985212,232.8298538208008,0.0179823306209517,31.031019091916008,257.8645928145192,205.9151923417308,-6.571839405447122,-3.707034686586132,0.0031972503546879,0.0172502090462607,-2.86480471886099,0.0180074730689181,-0.0342226524187116,-0.0176332558390068,-0.0296239010368237,0.0,1.0,0.0,0.0,0.0
2025-03-20,AAPL,213.5772247314453,0.0192896448402981,0.0119179250253518,214.17859976632252,232.25445098876952,0.0183836259726846,34.8173990301036,256.78084815668683,204.0431722290554,-6.662284362432331,-4.298084621755372,0.0096588829612067,0.0233332918784568,-2.364199740676959,0.0023860399068968,0.0180074730689181,-0.0342226524187116,-0.0176332558390068,0.0,0.0,1.0,0.0,0.0
2025-03-21,AAPL,217.737045288086,0.0112073436062987,-0.0053104452842838,213.21809605189733,231.6521026611328,0.0182250219320797,33.92082833430416,255.2530558233553,202.40571187684,-6.747939697464261,-4.78805563689715,-0.0033739058133356,0.0246749356308358,-1.959884060567111,-0.0061402704227981,0.0023860399068968,0.0180074730689181,-0.0342226524187116,0.0,0.0,0.0,1.0,0.0
2025-03-24,AAPL,220.19102478027344,0.0135891599415094,0.0192896448402981,213.40193394252236,231.163503519694,0.0191161658030791,40.00654631222277,253.1903962201883,201.747033589382,-6.406311443213468,-5.111706798160414,-0.009444954514172,0.0347207685701402,-1.2946046450530542,0.0119179250253518,-0.0061402704227981,0.0023860399068968,0.0180074730689181,0.0,0.0,0.0,0.0,1.0
2025-03-25,AAPL,223.2036590576172,-0.0099713594191221,0.0112073436062987,214.9766518729074,230.94237772623697,0.0193115856531753,43.32271984610639,250.42785922314204,201.87900875781497,-5.869888533033787,-5.26334314513509,0.0149857582002035,0.0131703546926048,-0.6065453878986977,-0.0053104452842838,0.0119179250253518,-0.0061402704227981,0.0023860399068968,1.0,0.0,0.0,0.0,0.0
2025-03-26,AAPL,220.98907470703125,0.0104182144366644,0.0135891599415094,216.4387882777623,230.8126958211263,0.0197576740786423,47.18257308800595,247.3252537441804,202.65830185884693,-5.142396754694261,-5.239153867046924,0.0026294418347216,0.0180104765729812,0.0967571123526633,0.0192896448402981,-0.0053104452842838,0.0119179250253518,-0.0061402704227981,0.0,1.0,0.0,0.0,0.0
2025-03-27,AAPL,223.3034210205078,-0.0269400074778412,-0.0099713594191221,217.51187569754467,230.44393208821612,0.0190876481965026,44.76895134104913,245.32334616265345,202.78180673041297,-4.690483751145166,-5.129419843866573,0.0013724481512182,0.0205892669481049,0.4389360927214065,0.0112073436062987,0.0192896448402981,-0.0053104452842838,0.0119179250253518,0.0,0.0,1.0,0.0,0.0
2025-03-28,AAPL,217.3679351806641,0.0192265971453569,0.0104182144366644,219.1022687639509,230.01099243164063,0.0192344757088208,47.775594560027145,243.79945711794755,202.9639812975798,-4.0983478316069295,-4.923205441414645,0.0018142285230557,0.0198385135092199,0.8248576098077152,0.0135891599415094,0.0112073436062987,0.0192896448402981,-0.0053104452842838,0.0,0.0,0.0,1.0,0.0
2025-03-31,AAPL,221.58761596679688,0.0047606623175635,-0.0269400074778412,219.4813406808036,229.225249226888,0.0192256436610522,41.53125799037022,240.93017091183415,203.4451129016424,-4.061204909430785,-4.750805335017873,-0.0073148133785755,0.0282010540226071,0.6896004255870878,-0.0099713594191221,0.0135891599415094,0.0112073436062987,0.0192896448402981,0.0,0.0,0.0,0.0,1.0
2025-04-01,AAPL,222.64503479003903,0.0031314204627141,0.0192265971453569,220.6256822858538,228.47807820638025,0.0197946110543003,46.84980579364407,238.70579327453677,204.08337451110776,-3.6492100796647264,-4.530486283947244,-0.0016467041172867,0.0423760116226688,0.8812762042825177,0.0104182144366644,-0.0099713594191221,0.0135891599415094,0.0112073436062987,1.0,0.0,0.0,0.0,0.0
2025-04-02,AAPL,223.34332275390625,-0.0970134504353037,0.0047606623175635,221.32682364327567,227.77047729492188,0.0198331731123206,48.12329086223311,236.79919091790185,204.71908911139505,-3.200483169251328,-4.264485661008061,-0.0080221920365328,0.0214691460952835,1.0640024917567334,-0.0269400074778412,0.0104182144366644,-0.0099713594191221,0.0135891599415094,0.0,1.0,0.0,0.0,0.0
2025-04-03,AAPL,202.69384765625,-0.0756802080266361,0.0031314204627141,221.7771519252232,227.0728520711263,0.0198732526925917,48.992442852053614,234.78081008703867,205.5553639241918,-2.756739875721479,-3.962936503950745,-0.0059513003156339,0.0186707984708372,1.2061966282292662,0.0192265971453569,-0.0269400074778412,0.0104182144366644,-0.0099713594191221,0.0,0.0,1.0,0.0,0.0
2025-04-04,AAPL,187.92002868652344,-0.0374259744112244,-0.0970134504353037,218.84717886788505,225.65498860677084,0.0289894231758547,31.94689129453701,233.47130041189465,203.65871972970692,-4.024913486863312,-3.975331900533259,-0.0797128351465885,0.0307853719553765,-0.0495815863300532,0.0047606623175635,0.0192265971453569,-0.0269400074778412,0.0104182144366644,0.0,0.0,0.0,1.0,0.0
2025-04-07,AAPL,181.0169219970703,-0.0511019856271053,-0.0756802080266361,214.12302943638392,223.75397542317708,0.0321879358291901,25.1932915734005,233.62766519772896,198.44573262941947,-6.15116710586301,-4.410498941599209,-0.0434342155344156,0.0667305589115267,-1.740668164263801,0.0031314204627141,0.0047606623175635,0.0192265971453569,-0.0269400074778412,0.0,0.0,0.0,0.0,1.0
2025-04-08,AAPL,171.9989776611328,0.1426174935010209,-0.0374259744112244,208.08210100446428,221.5713180541992,0.0315404661229378,22.771005577163933,236.5555055468045,190.9271299512424,-8.29761173294608,-5.187921499868583,-0.0570457114827486,0.1078904588799327,-3.1096902330774974,-0.0970134504353037,0.0031314204627141,0.0047606623175635,0.0192265971453569,1.0,0.0,0.0,0.0,0.0
2025-04-09,AAPL,198.3644561767578,-0.0433186541662031,-0.0511019856271053,201.60082135881697,219.0900578816732,0.0325467504087225,20.05786191399409,240.54431204709735,182.1081461438206,-10.604119615915607,-6.271161123077988,0.0313952689531635,0.1228495070805195,-4.332958492837619,-0.0756802080266361,-0.0970134504353037,0.0031314204627141,0.0047606623175635,0.0,1.0,0.0,0.0,0.0
2025-04-10,AAPL,189.9550323486328,0.0397921391431266,0.1426174935010209,198.2832271030971,217.7097696940104,0.0474827498436323,41.86654737866421,240.0883540955867,180.75553170763592,-10.18713896325312,-7.054356691113014,-0.0002847732792174,0.1447840090621449,-3.132782272140105,-0.0374259744112244,-0.0756802080266361,-0.0970134504353037,0.0031314204627141,0.0,0.0,1.0,0.0,0.0
2025-04-11,AAPL,197.6661529541016,0.021814402925683,-0.0433186541662031,193.6132267543248,216.1509185791016,0.0478261278078284,38.27951404940633,240.5107319619496,178.41185714937856,-10.41518919645054,-7.726523192180521,-0.0468554146830468,0.0620146707020455,-2.6886660042700203,-0.0511019856271053,-0.0374259744112244,-0.0756802080266361,-0.0970134504353037,0.0,0.0,0.0,1.0,0.0
2025-04-14,AAPL,202.02549743652344,-0.0018782058485058,0.0397921391431266,189.94505964006697,214.6981409708659,0.0486148906556979,43.09412611294924,240.13344276969192,177.25889121468308,-9.86003728873078,-8.153226011490574,-0.0202944149331191,0.0681957711326995,-1.706811277240206,0.1426174935010209,-0.0511019856271053,-0.0374259744112244,-0.0756802080266361,0.0,0.0,0.0,0.0,1.0
2025-04-15,AAPL,201.6464080810547,-0.0397115117002613,0.021814402925683,189.8495810372489,213.51736501057945,0.0489365406353764,45.67416782392399,239.6112960992388,176.63584135193307,-8.96497013976878,-8.315574837146215,0.0696823876088839,0.058309465531687,-0.6493953026225654,-0.0433186541662031,0.1426174935010209,-0.0511019856271053,-0.0374259744112244,1.0,0.0,0.0,0.0,0.0
2025-04-16,AAPL,193.795639038086,0.0138532646932256,-0.0018782058485058,191.8104923793248,212.39378153483077,0.0489303111039502,45.48105759856669,239.1519940227328,176.04271728097814,-8.191782548399829,-8.290816379396938,-0.0008191878167449,0.0183985000793412,0.0990338309971097,0.0397921391431266,-0.0433186541662031,0.1426174935010209,-0.0511019856271053,0.0,1.0,0.0,0.0,0.0
2025-04-17,AAPL,196.4990234375,-0.019583321275677,-0.0397115117002613,193.63602338518416,211.01482340494792,0.0494859643018103,41.561961137726215,238.49711674793363,174.60571528331636,-8.118927321570936,-8.256438567831738,-0.016297872607689,0.042983432818205,0.1375112462608019,0.021814402925683,0.0397921391431266,-0.0433186541662031,0.1426174935010209,0.0,0.0,1.0,0.0,0.0
2025-04-21,AAPL,192.6883544921875,0.0334976645354521,0.0138532646932256,197.1360299246652,209.73961130777997,0.0496673881141821,43.3715114119592,237.7652381768312,173.62977372502425,-7.753669031406218,-8.155884660546635,0.0175667415791909,0.0224428782645429,0.4022156291404162,-0.0018782058485058,0.021814402925683,0.0397921391431266,-0.0433186541662031,0.0,0.0,0.0,1.0,0.0
2025-04-22,AAPL,199.25228881835932,0.0240403135013327,-0.019583321275677,196.32515825544084,208.2130147298177,0.0494613239959885,41.42432058133376,236.48954069903007,172.40060212323553,-7.683122092796026,-8.061332146996513,-0.0164327491737694,0.0207070401513334,0.3782100542004869,-0.0397115117002613,-0.0018782058485058,0.021814402925683,0.0397921391431266,1.0,0.0,0.0,0.0,0.0
2025-04-23,AAPL,204.1004180908203,0.0182584601142847,0.0334976645354521,197.65333775111608,207.2906061808268,0.0501188554704305,45.92758468479315,234.63453870252263,172.1617305235516,-7.016674635184046,-7.85240064463402,0.017809278791361,0.0282054231372507,0.8357260094499743,0.0138532646932256,-0.0397115117002613,-0.0018782058485058,0.021814402925683,0.0,1.0,0.0,0.0,0.0
2025-04-24,AAPL,207.8612060546875,0.0043577126267235,0.0240403135013327,198.57251848493303,206.75059509277344,0.0503766527090452,49.04362627068928,232.2656914914846,172.62025363790994,-6.02782173201328,-7.487484862109873,0.0338651627123438,0.0254776398641589,1.459663130096593,-0.019583321275677,0.0138532646932256,-0.0397115117002613,-0.0018782058485058,0.0,0.0,1.0,0.0,0.0
2025-04-25,AAPL,208.7689819335937,0.0041009551568889,0.0182584601142847,199.4061911446708,206.46429595947265,0.0506094499786595,51.38405565513808,230.4457614856966,173.12739677846355,-4.884380426348628,-6.966863974957624,0.0038685922655816,0.0283362129059272,2.0824835486089963,0.0334976645354521,-0.019583321275677,0.0138532646932256,-0.0397115117002613,0.0,0.0,0.0,1.0,0.0
2025-04-28,AAPL,209.6268920898437,0.0050789748930597,0.0043577126267235,200.4237016950335,206.4509953816732,0.0505425875443224,51.95765115270779,228.11389063768337,174.0058237177854,-3.860444228706058,-6.345580025707311,-0.0071740704569358,0.017004456403811,2.485135797001253,0.0240403135013327,0.0334976645354521,-0.019583321275677,0.0138532646932256,0.0,0.0,0.0,0.0,1.0
2025-04-29,AAPL,210.6942901611328,0.0060890160482989,0.0041009551568889,202.68530927385603,206.3396016438802,0.0502563440847129,52.52770397284673,226.95495002207704,174.39066002430965,-2.94578407018318,-5.665620834602485,0.0058965563514499,0.0192723044541504,2.7198367644193056,0.0182584601142847,0.0240403135013327,0.0334976645354521,-0.019583321275677,1.0,0.0,0.0,0.0,0.0
2025-04-30,AAPL,211.9811248779297,0.0038514475109057,0.0050789748930597,204.71320452008928,206.2468292236328,0.0500437314309943,53.27063758873899,224.9989017943803,175.25737567144,-2.110451232944968,-4.954586914270982,-0.0044693199383786,0.0183678939425312,2.844135681326015,0.0043577126267235,0.0182584601142847,0.0240403135013327,0.0334976645354521,0.0,1.0,0.0,0.0,0.0
2025-05-01,AAPL,212.79913330078125,-0.0380775782090889,0.0060890160482989,207.4693145751953,206.24051106770835,0.0500547838034962,54.201198748737056,222.8370660059232,176.3528204686862,-1.3292839758435375,-4.229526326585494,-0.0066175837432931,0.0325972591479007,2.900242350741956,0.0041009551568889,0.0043577126267235,0.0182584601142847,0.0240403135013327,0.0,0.0,1.0,0.0,0.0
2025-05-02,AAPL,204.8485870361328,-0.0319639465329277,0.0038514475109057,209.40457807268416,206.17666778564453,0.0500592712811861,54.8171528484711,220.44523494926327,177.6902325800336,-0.6368555785611534,-3.5109921769806256,-0.0136857611664511,0.0265978698987893,2.874136598419472,0.0050789748930597,0.0041009551568889,0.0043577126267235,0.0182584601142847,0.0,0.0,0.0,1.0,0.0
2025-05-05,AAPL,198.40435791015625,-0.0019124413127533,-0.0380775782090889,209.51145935058597,205.8857131958008,0.045746627860226,48.05265578818697,220.6514098419284,177.6995316253568,-0.7213286949236988,-2.9530594805692405,-0.0315280276701482,0.0235783995434774,2.2317307856455417,0.0060890160482989,0.0050789748930597,0.0041009551568889,0.0043577126267235,0.0,0.0,0.0,0.0,1.0
2025-05-06,AAPL,198.02528381347656,-0.0114501429594833,-0.0319639465329277,208.16048104422435,205.2412902832031,0.0428674470524007,43.379966169538505,220.52067556367584,178.87869882597258,-1.2933606258278303,-2.621119709620958,-0.0085359677502133,0.0296868448439806,1.3277590837931283,0.0038514475109057,0.0060890160482989,0.0050789748930597,0.0041009551568889,1.0,0.0,0.0,0.0,0.0
2025-05-07,AAPL,195.7707977294922,0.0062986547963621,-0.0019124413127533,206.62566702706476,204.50243225097657,0.0418404427237011,43.11437753941695,219.4597691295797,181.64044144170933,-1.7570341677148915,-2.448302601239745,-0.0009795712066822,0.0183309401411722,0.6912684335248538,-0.0380775782090889,0.0038514475109057,0.0060890160482989,0.0050789748930597,0.0,1.0,0.0,0.0,0.0
2025-05-08,AAPL,197.00778198242188,0.0052522706995352,-0.0114501429594833,204.64622497558597,203.58800354003907,0.039964997517936,41.48753314611669,215.33361025598035,188.14378232214463,-2.280133021560033,-2.4146686853038037,0.0057806474679615,0.0316186199024398,0.1345356637437702,-0.0319639465329277,-0.0380775782090889,0.0038514475109057,0.0060890160482989,0.0,0.0,1.0,0.0,0.0
2025-05-09,AAPL,198.0452423095703,0.0612325960182404,0.0062986547963621,202.6910095214844,202.78862711588545,0.0239322855658173,42.76366918809996,215.34994405816877,187.99178110052267,-2.565307077512017,-2.4447963637454464,0.0099565589649599,0.0272578591664754,-0.1205107137665706,-0.0019124413127533,-0.0319639465329277,-0.0380775782090889,0.0038514475109057,0.0,0.0,0.0,1.0,0.0
2025-05-12,AAPL,210.5510406494141,0.0101010923447582,0.0052522706995352,200.7001691545759,201.94668782552085,0.0217022780789009,43.86937715368091,214.73628601097175,189.4144601438134,-2.676739407758703,-2.4911849725480977,0.0101123823512507,0.0151480538740264,-0.1855544352106051,-0.0114501429594833,-0.0019124413127533,-0.0319639465329277,-0.0380775782090889,0.0,0.0,0.0,0.0,1.0
2025-05-13,AAPL,212.6886138916016,-0.002821803318576,0.0612325960182404,200.37901306152344,201.7194580078125,0.0240639458272507,55.12351215355928,215.7419756011856,189.6972593231308,-1.7359262444287251,-2.340133226924223,0.0652616480982146,0.0214674990848756,0.6042069824954979,0.0062986547963621,-0.0114501429594833,-0.0019124413127533,-0.0319639465329277,1.0,0.0,0.0,0.0,0.0
2025-05-14,AAPL,212.0892944335937,-0.0041530825198456,0.0101010923447582,201.49901689801897,201.422824605306,0.023726143692425,56.720809089575326,217.007983506985,189.4975630628392,-0.808520615725854,-2.0338107046845497,-0.0005749103555103,0.0206874915209466,1.2252900889586955,0.0052522706995352,0.0062986547963621,-0.0114501429594833,-0.0019124413127533,0.0,1.0,0.0,0.0,0.0
2025-05-15,AAPL,211.21029663085932,-0.0008989814534796,-0.002821803318576,203.4540078299386,201.0709665934245,0.0237363942338322,56.11770983011658,218.05614261470157,189.49369259037655,-0.1205158136404236,-1.6511517264757247,-0.0012159617343321,0.0158423866670158,1.530635912835301,0.0612325960182404,0.0052522706995352,0.0062986547963621,-0.0114501429594833,0.0,0.0,1.0,0.0,0.0
2025-05-16,AAPL,211.0205078125,-0.0118085341636335,-0.0041530825198456,205.33758108956476,200.66653238932287,0.0216459491500691,55.19082167477771,218.48163665061196,190.80966431374355,0.3497732044549764,-1.2509667402895843,-0.0053717821467328,0.0161924559658739,1.600739944744561,0.0101010923447582,0.0612325960182404,0.0052522706995352,0.0062986547963621,0.0,0.0,0.0,1.0,0.0
2025-05-19,AAPL,208.54331970214844,-0.0092387949000238,-0.0008989814534796,207.51611110142295,200.94408772786457,0.0215545235206915,54.979668784720985,218.9289448499768,191.81450455187868,0.6991073931853293,-0.8609519135946019,0.0054434087628862,0.0132688669967838,1.560059306779931,-0.002821803318576,0.0101010923447582,0.0612325960182404,0.0052522706995352,0.0,0.0,0.0,0.0,1.0
2025-05-20,AAPL,206.62550354003903,-0.0233291424231927,-0.0118085341636335,209.16404506138392,201.63153076171875,0.0211819588978223,52.17387156089547,218.38752000350183,193.9414259193497,0.767224787026521,-0.5353165734703774,-0.0147402931716686,0.0250307764744443,1.3025413604968985,-0.0041530825198456,-0.002821803318576,0.0101010923447582,0.0612325960182404,1.0,0.0,0.0,0.0,0.0
2025-05-21,AAPL,201.86090087890625,-0.0036187885057232,-0.0092387949000238,210.38979666573655,202.4851501464844,0.0201764614370132,50.04453885625334,218.3151871331915,194.751080261828,0.6588616292463314,-0.2964809329270356,-0.0041877224091878,0.0166484890900201,0.9553425621733672,-0.0008989814534796,-0.0041530825198456,-0.002821803318576,0.0101010923447582,0.0,1.0,0.0,0.0,0.0
2025-05-22,AAPL,201.13172912597656,-0.0307110730927009,-0.0233291424231927,209.1483481270926,203.4805475870768,0.02021065875473,45.11797151587818,218.34230757338588,194.50000810044224,0.1863710611031876,-0.199910534120991,-0.0070441709573942,0.0313581607171311,0.3862815952241787,-0.0118085341636335,-0.0008989814534796,-0.0041530825198456,-0.002821803318576,0.0,0.0,1.0,0.0,0.0
2025-05-23,AAPL,195.04864501953125,0.0249836112902572,-0.0036187885057232,207.49736458914617,203.57279001871743,0.0197252171344801,44.39763505135442,218.2127777502617,193.9565902306953,-0.2441052909361758,-0.2087494854840279,-0.0057014219198866,0.0151642063885776,-0.0353558054521478,-0.0092387949000238,-0.0118085341636335,-0.0008989814534796,-0.0041530825198456,0.0,0.0,0.0,1.0,0.0
2025-05-27,AAPL,199.9830474853516,0.0010482758402536,-0.0307110730927009,205.06298610142292,203.7425771077474,0.020698176641732,38.828193089627405,218.4076271755268,192.389707114024,-1.0638515320402746,-0.3797698947952773,-0.0370987262400438,0.0217381168372147,-0.6840816372449973,-0.0233291424231927,-0.0092387949000238,-0.0118085341636335,-0.0008989814534796,0.0,0.0,0.0,0.0,1.0
2025-05-28,AAPL,200.1927947998047,-0.0023478292191843,0.0249836112902572,203.4590933663505,203.8198069254557,0.0216033542494585,44.86960416539271,217.98034883270404,191.8526009963975,-1.3003516492268543,-0.5638862456815928,0.0166694725405602,0.0165514670318507,-0.7364654035452617,-0.0036187885057232,-0.0233291424231927,-0.0092387949000238,-0.0118085341636335,0.0,1.0,0.0,0.0,0.0
2025-05-29,AAPL,199.72332763671875,0.0044910608879469,0.0010482758402536,201.9122772216797,203.75871683756512,0.0215490880387046,45.11772640612839,217.32095619268523,191.46184410028357,-1.4540929621178122,-0.7419275889688368,0.0030350015172337,0.0141363820505361,-0.7121653731489754,-0.0307110730927009,-0.0036187885057232,-0.0233291424231927,-0.0092387949000238,0.0,0.0,1.0,0.0,0.0
2025-05-30,AAPL,200.622314453125,0.0042230499536053,-0.0023478292191843,200.6522783551897,203.69461415608723,0.0214533061231547,44.63352144550681,216.35039238334232,191.2066281855053,-1.5954250697045609,-0.9126270851159816,0.0169197249812973,0.0265367251510952,-0.6827979845885792,0.0249836112902572,-0.0307110730927009,-0.0036187885057232,-0.0233291424231927,0.0,0.0,0.0,1.0,0.0
2025-06-02,AAPL,201.47134399414065,0.0077537088062742,0.0044910608879469,199.794679914202,203.9221700032552,0.0214644968294,45.832343864184764,215.06326982676077,191.2760688573213,-1.6162598231181278,-1.053353632716411,-0.0017691099167641,0.0258196998110128,-0.5629061904017167,0.0010482758402536,0.0249836112902572,-0.0307110730927009,-0.0036187885057232,0.0,0.0,0.0,0.0,1.0
2025-06-03,AAPL,203.03956604003903,-0.0022162005614125,0.0042230499536053,199.7390289306641,204.0879140218099,0.0198434498687049,46.99953451268722,214.8899396461288,191.11167473375409,-1.5464355802344585,-1.1519700222200209,-0.0017062691892536,0.0099766533829419,-0.3944655580144378,-0.0023478292191843,0.0010482758402536,0.0249836112902572,-0.0307110730927009,1.0,0.0,0.0,0.0,0.0
2025-06-04,AAPL,202.590087890625,-0.0108564594772069,0.0077537088062742,200.0115770612444,204.43295440673828,0.0185061376619886,49.17786657894459,214.923494206059,191.54164098681213,-1.3490064451942771,-1.191377306814872,-0.0006022588037561,0.0138396550652575,-0.157629138379405,0.0044910608879469,-0.0023478292191843,0.0010482758402536,0.0249836112902572,0.0,1.0,0.0,0.0,0.0
2025-06-05,AAPL,200.402572631836,0.0162652673725434,-0.0022162005614125,201.08892604282923,204.5442143758138,0.0185089117717247,48.56180386443063,214.89919642137784,192.0224191792081,-1.2148080129058485,-1.1960634480330674,-0.0006381139423049,0.0204353501829941,-0.018744564872781,0.0042230499536053,0.0044910608879469,-0.0023478292191843,0.0010482758402536,0.0,0.0,1.0,0.0,0.0
2025-06-06,AAPL,203.68882751464844,-0.0121865171306065,-0.0108564594772069,201.14885820661277,204.42095286051432,0.0184881225008747,45.56981679104421,214.65278808847728,192.73200500234304,-1.270325466795157,-1.2109158517854852,0.0044913950077667,0.0229538276036324,-0.0594096150096716,0.0077537088062742,0.0042230499536053,0.0044910608879469,-0.0023478292191843,0.0,0.0,0.0,1.0,0.0
2025-06-09,AAPL,201.2216339111328,0.0060378075406246,0.0162652673725434,201.6482914515904,204.2818735758464,0.0187658935327976,50.503530668836994,214.52659910269475,193.5262985413482,-1.0371940173183134,-1.1761714848920508,0.0129610480247468,0.0179194604879439,0.1389774675737374,-0.0022162005614125,0.0077537088062742,0.0042230499536053,0.0044910608879469,0.0,0.0,0.0,0.0,1.0
2025-06-10,AAPL,202.44024658203125,-0.0193803521323117,-0.0121865171306065,201.86233520507807,204.030295308431,0.0189943128746344,47.05505535122181,214.3966157822796,193.9739210219196,-1.039534462398194,-1.1488440803932796,0.0034423678684565,0.0297184532860919,0.1093096179950854,-0.0108564594772069,-0.0022162005614125,0.0077537088062742,0.0042230499536053,1.0,0.0,0.0,0.0,0.0
2025-06-11,AAPL,198.55465698242188,0.0021106659993161,0.0060378075406246,202.12203979492188,203.79074045817055,0.012726719766862,48.910649131207926,213.56180649535776,193.9976509021032,-0.9323103306666098,-1.1055373304479457,-0.0030892692576571,0.0186721703965379,0.1732269997813358,0.0162652673725434,-0.0108564594772069,-0.0022162005614125,0.0077537088062742,0.0,1.0,0.0,0.0,0.0
2025-06-12,AAPL,198.97418212890625,-0.0139014229583187,-0.0193803521323117,201.7053702218192,203.3860860188802,0.012960900287483,43.6567067755695,212.16284783662744,193.98321386991557,-1.1476397643994003,-1.1139578172382367,0.0052348949176928,0.0306716368703948,-0.0336819471611637,-0.0121865171306065,0.0162652673725434,-0.0108564594772069,-0.0022162005614125,0.0,0.0,1.0,0.0,0.0
2025-06-13,AAPL,196.227294921875,0.0099780841401466,0.0021106659993161,201.12460109165733,202.95252126057943,0.0130200405825728,44.35176158052513,210.61708157893327,194.2174688971409,-1.2698002519132956,-1.145126304173249,0.0026458450112269,0.0116597643001072,-0.1246739477400469,0.0060378075406246,-0.0121865171306065,0.0162652673725434,-0.0108564594772069,0.0,0.0,0.0,1.0,0.0
2025-06-16,AAPL,198.195068359375,-0.014109795936144,-0.0139014229583187,200.21563066755024,202.4001266479492,0.0132385635463062,40.802551868112445,209.19560503035265,194.1406452748232,-1.5701642828407216,-1.2301338999067433,0.0037985511011831,0.0237989224221054,-0.3400303829339783,-0.0193803521323117,0.0060378075406246,-0.0121865171306065,0.0162652673725434,0.0,0.0,0.0,0.0,1.0
2025-06-17,AAPL,195.418212890625,0.0047932372448915,0.0099780841401466,199.9002729143415,202.1783426920573,0.0135778541675451,44.24467266524229,207.2763920334268,194.77731432643645,-1.6306252376090526,-1.3102321674472053,0.0054666611508347,0.0107470125288401,-0.3203930701618473,0.0021106659993161,-0.0193803521323117,0.0060378075406246,-0.0121865171306065,1.0,0.0,0.0,0.0,0.0
2025-06-18,AAPL,196.35714721679688,0.0222354549239875,-0.014109795936144,198.71875653948103,202.0788045247396,0.0136646965192322,40.65237808184656,206.02495155850383,194.7162441202071,-1.8809278436940813,-1.4243713026965803,-0.0050206668580093,0.0162727548714258,-0.456556540997501,-0.0139014229583187,0.0021106659993161,-0.0193803521323117,0.0060378075406246,0.0,1.0,0.0,0.0,0.0
2025-06-20,AAPL,200.7721405029297,0.0024844844542908,0.0047932372448915,198.0238298688616,202.02319997151693,0.0137012189062738,42.356603899306414,204.95780195445957,194.7565580919272,-1.980698054992672,-1.535636653155799,0.002670117299012,0.0127319022273213,-0.445061401836873,0.0099780841401466,-0.0139014229583187,0.0021106659993161,-0.0193803521323117,0.0,0.0,1.0,0.0,0.0
2025-06-23,AAPL,201.2715759277344,-0.0059731350057443,0.0222354549239875,197.7855290004185,202.18991139729815,0.0138513919133888,49.67457639043284,204.83611734696504,194.769366661824,-1.6841003452360326,-1.5653293915718458,0.0095889469930441,0.0241069120733908,-0.1187709536641867,-0.014109795936144,0.0099780841401466,-0.0139014229583187,0.0021106659993161,0.0,0.0,0.0,0.0,1.0
2025-06-24,AAPL,200.07293701171875,0.0062708799839139,0.0024844844542908,198.1736602783203,202.33203786214196,0.013840967827786,50.44105014198343,204.851265196574,194.7682034923908,-1.3926901929324629,-1.5308015518439693,0.0042728257901414,0.0165944760083253,0.1381113589115064,0.0047932372448915,-0.014109795936144,0.0099780841401466,-0.0139014229583187,1.0,0.0,0.0,0.0,0.0
2025-06-25,AAPL,201.33151245117188,-0.0027822294324604,-0.0059731350057443,198.33062526157923,202.39962768554688,0.0119209369995425,48.53066976977091,204.5768864969804,195.5450113912032,-1.2441242014601812,-1.4734660817672118,0.00655045504602,0.016194121711595,0.2293418803070306,0.0222354549239875,0.0047932372448915,-0.014109795936144,0.0099780841401466,0.0,1.0,0.0,0.0,0.0
2025-06-26,AAPL,200.7721405029297,0.00039793558809,0.0062708799839139,199.05979919433597,202.0923100789388,0.0106259189302321,50.64439144170704,204.67954051000007,195.5772038747655,-1.0131491109604551,-1.3814026876058605,0.0068827896320768,0.0151491587910139,0.3682535766454051,0.0024844844542908,0.0222354549239875,0.0047932372448915,-0.014109795936144,0.0,0.0,1.0,0.0,0.0
2025-06-27,AAPL,200.85205078125,0.0201360366051224,-0.0027822294324604,199.4279523577009,201.6950942993164,0.010646905628837,49.66809236446464,204.7176000265527,195.59707892852543,-0.8652621258308955,-1.2781745752508675,0.000489144612338,0.0158388144282141,0.412912449419972,-0.0059731350057443,0.0024844844542908,0.0222354549239875,0.0047932372448915,0.0,0.0,0.0,1.0,0.0
2025-06-30,AAPL,204.9374084472656,0.0128334520722086,0.00039793558809,200.20421491350447,201.32051951090492,0.010630767213507,49.816924062506686,204.77935495527643,195.6481963142548,-0.7331611081473,-1.169171881830154,0.0055677988186932,0.0160317069613098,0.436010773682854,0.0062708799839139,-0.0059731350057443,0.0024844844542908,0.0222354549239875,0.0,0.0,0.0,0.0,1.0
2025-07-01,AAPL,207.5844116210937,0.021987268839231,0.0201360366051224,201.42996651785717,201.11142323811848,0.0114971079530312,56.84303594716507,205.46051318704608,195.3985474818992,-0.295410569845302,-0.9944196194331836,0.005765157592775,0.039670672838163,0.6990090495878816,-0.0027822294324604,0.0062708799839139,-0.0059731350057443,0.0024844844542908,1.0,0.0,0.0,0.0,0.0
2025-07-02,AAPL,212.1991729736328,0.0052114378875591,0.0128334520722086,202.4031481061663,200.99688669840492,0.0117793739403966,60.68396719522453,206.6905389517192,194.77982847992143,0.2620798266778479,-0.7431197302109773,0.0084542384663048,0.0195101502089199,1.0051995568888252,0.00039793558809,-0.0027822294324604,0.0062708799839139,-0.0059731350057443,0.0,1.0,0.0,0.0,0.0
2025-07-03,AAPL,213.30792236328125,-0.017001651776427,0.021987268839231,203.9642333984375,201.1187484741211,0.0125801937947958,66.31292973149705,209.01193591087508,193.3743922141249,1.064002497926424,-0.3816952845834971,0.006385797616804,0.0245052649139605,1.445697782509921,0.0201360366051224,0.00039793558809,-0.0027822294324604,0.0062708799839139,0.0,0.0,1.0,0.0,0.0
2025-07-07,AAPL,209.7119903564453,0.0002857631550705,0.0052114378875591,205.85494559151783,201.3414957682292,0.0125523728864159,67.51628320136058,211.23755659769012,192.2205549745755,1.768611351236416,0.0483660425804854,-0.0002317590425034,0.0133140687248077,1.7202453086559304,0.0128334520722086,0.0201360366051224,0.00039793558809,-0.0027822294324604,0.0,0.0,0.0,1.0,0.0
2025-07-08,AAPL,209.7719268798828,0.0053662915776335,-0.017001651776427,207.05215672084265,201.6031987508138,0.0129668895653276,60.02701349945991,212.3209846219524,192.06806872277417,2.013645234609328,0.441421880986254,-0.0029437710542723,0.0354295081704796,1.572223353623074,0.021987268839231,0.0128334520722086,0.0201360366051224,0.00039793558809,1.0,0.0,0.0,0.0,0.0
2025-07-09,AAPL,210.9006500244141,0.0059969221397206,0.0002857631550705,208.3378404889788,201.89120534261068,0.0125446104454912,60.10644603423495,213.16513983418503,191.83222344706493,2.187457085450802,0.7906289218791638,0.0018502315790851,0.0142058843233367,1.3968281635716384,0.0052114378875591,0.021987268839231,0.0128334520722086,0.0201360366051224,0.0,1.0,0.0,0.0,0.0
2025-07-10,AAPL,212.1692047119141,-0.005902219685681,0.0053662915776335,209.77335466657365,202.4196055094401,0.0121464858352417,61.65190060907462,214.2656086638509,191.6996562287272,2.388746768318242,1.1102524911669795,-0.0011532911204293,0.0194878517912381,1.2784942771512626,-0.017001651776427,0.0052114378875591,0.021987268839231,0.0128334520722086,0.0,0.0,1.0,0.0,0.0
2025-07-11,AAPL,210.92062377929688,-0.0121017440991284,0.0059969221397206,210.8064684186663,202.82581075032556,0.0121458357536185,63.36942797256998,215.46967393283907,191.46848677272732,2.6204254206409985,1.4122870770617837,-0.001852320121028,0.0162605923556465,1.208138343579215,0.0002857631550705,-0.017001651776427,0.0052114378875591,0.021987268839231,0.0,0.0,0.0,1.0,0.0
2025-07-14,AAPL,208.3834991455078,0.002346069885875,-0.005902219685681,211.28307015555245,203.18340504964192,0.0112151093936807,60.49739966052325,216.2943288736808,191.8804285115731,2.672475738569545,1.664324809363336,-0.0075373680636958,0.0107623627874161,1.0081509292062094,0.0053662915776335,0.0002857631550705,-0.017001651776427,0.0052114378875591,0.0,0.0,0.0,0.0,1.0
2025-07-15,AAPL,208.8729553222656,0.0050087310082718,-0.0121017440991284,210.73797389439173,203.47207743326825,0.0117149484720968,55.03872648026488,216.65987451622516,192.45581457068891,2.4804086295381182,1.8275415733982925,-0.004696700994741,0.0161721556159461,0.6528670561398258,0.0059969221397206,0.0053662915776335,0.0002857631550705,-0.017001651776427,1.0,0.0,0.0,0.0,0.0
2025-07-16,AAPL,209.92176818847656,-0.000666407326916,0.002346069885875,210.10440717424663,203.74709879557287,0.0110775832139202,55.86605842690802,216.76966807459576,193.61058705235732,2.340706872978103,1.9301746333142549,0.004014243347604,0.0142191755563604,0.4105322396638484,-0.005902219685681,0.0059969221397206,0.0053662915776335,0.0002857631550705,0.0,1.0,0.0,0.0,0.0
2025-07-17,AAPL,209.78192138671875,0.0055080440182315,0.0050087310082718,210.1343754359654,204.0287796020508,0.0109709413328325,57.66377887414379,217.04812378702175,194.5048013228415,2.2882451912344663,2.001788744898297,0.0068321326104208,0.0179114083274112,0.2864564463361692,-0.0121017440991284,-0.005902219685681,0.0059969221397206,0.0053662915776335,0.0,0.0,1.0,0.0,0.0
2025-07-18,AAPL,210.9405975341797,0.0061370002834593,-0.000666407326916,210.13580322265625,204.25352478027344,0.0102646920581915,57.32845928002392,216.77414936206603,196.2151465974066,2.2099099955260613,2.04341299502385,0.0030880034087754,0.010534781544846,0.1664970005022112,0.002346069885875,-0.0121017440991284,-0.005902219685681,0.0059969221397206,0.0,0.0,0.0,1.0,0.0
2025-07-21,AAPL,212.23912048339844,0.0089956004653162,0.0055080440182315,210.1415100097656,204.5318751017253,0.0102705049234921,59.43330222704606,216.4950255015234,197.9526154896876,2.215782113266755,2.077886818672431,0.0051866896979313,0.0099079852921719,0.1378952945943239,0.0050087310082718,0.002346069885875,-0.0121017440991284,-0.005902219685681,0.0,0.0,0.0,0.0,1.0
2025-07-22,AAPL,214.15695190429688,-0.0011667660256993,0.0061370002834593,210.15149797712053,204.92642669677736,0.0093183548903207,61.71264174740097,216.80292062189127,198.79141836736656,2.2987175733914,2.1220529696162247,0.0054963747277148,0.0195533881172909,0.1766646037751753,-0.000666407326916,0.0050087310082718,0.002346069885875,-0.0121017440991284,1.0,0.0,0.0,0.0,0.0
2025-07-23,AAPL,213.9072265625,-0.0018228090878897,0.0089956004653162,210.61383056640625,205.2753641764323,0.0094207687872829,64.85362344241192,217.32434551889256,199.55853106802147,2.490488687425227,2.1957401131780254,0.0042446411585108,0.0127009709305102,0.2947485742472016,0.0055080440182315,-0.000666407326916,0.0050087310082718,0.002346069885875,0.0,1.0,0.0,0.0,0.0
2025-07-24,AAPL,213.5176696777344,0.0005612622603745,-0.0011667660256993,211.40293448311945,205.6982172648112,0.0092365671570366,64.11603595728855,217.40583887477496,200.86046666721725,2.5924339638904144,2.275078883320503,0.0039365899085073,0.0128092457576438,0.3173550805699112,0.0061370002834593,0.0055080440182315,-0.000666407326916,0.0050087310082718,0.0,0.0,1.0,0.0,0.0
2025-07-25,AAPL,213.63754272460932,0.0007945588879731,-0.0018228090878897,212.06646510532923,206.06746470133464,0.0092787457531932,62.91399434217242,217.36528810116184,202.1196331634866,2.6116864493574496,2.342400396527893,-3.3812163019564245e-05,0.0101162759286831,0.2692860528295568,0.0089956004653162,0.0061370002834593,0.0055080440182315,-0.000666407326916,0.0,0.0,0.0,1.0,0.0
2025-07-28,AAPL,213.807357788086,-0.0130727285657323,0.0005612622603745,212.5972900390625,206.5702275594076,0.0092000400288615,63.14298005873147,216.9140449613515,203.8574165254649,2.60657001921075,2.395234321064464,0.0055373743648114,0.0086127727047093,0.2113356981462857,-0.0011667660256993,0.0089956004653162,0.0061370002834593,0.0055080440182315,0.0,0.0,0.0,0.0,1.0
2025-07-29,AAPL,211.030502319336,-0.0105634791494466,0.0007945588879731,213.17235238211492,207.06466674804688,0.0091943222289889,63.486922778602455,215.95100915880957,206.11598302869044,2.586403419239673,2.4334681406995062,0.0018370182023363,0.0083720624184319,0.1529352785401667,-0.0018228090878897,-0.0011667660256993,0.0089956004653162,0.0061370002834593,1.0,0.0,0.0,0.0,0.0
2025-07-30,AAPL,208.81301879882807,-0.0071048015262791,-0.0130727285657323,213.1851959228516,207.5581069946289,0.0089561749420369,54.526379927179605,215.3340862159787,207.3422153587284,2.319613157718294,2.410697144103264,0.0017428534338121,0.0189071730888325,-0.0910839863849699,0.0005612622603745,-0.0018228090878897,-0.0011667660256993,0.0089956004653162,0.0,1.0,0.0,0.0,0.0
2025-07-31,AAPL,207.334701538086,-0.0253214934002308,-0.0105634791494466,212.6957528250558,207.912038675944,0.0089210443366823,48.62441963783864,215.18475679571603,207.6144054967644,1.9072618382782025,2.310010082938252,0.004120217540082,0.0223644971745962,-0.4027482446600494,0.0007945588879731,0.0005612622603745,-0.0018228090878897,-0.0011667660256993,0.0,0.0,1.0,0.0,0.0
2025-08-01,AAPL,202.1505889892578,0.0047815246195108,-0.0071048015262791,211.7211456298828,208.30925496419272,0.0074480801007503,45.11824348491293,215.3303782243896,206.9823369245362,1.4445309451160426,2.13691425537381,-0.0015469021401159,0.0129259243913349,-0.6923833102577674,-0.0130727285657323,0.0007945588879731,0.0005612622603745,-0.0018228090878897,0.0,0.0,0.0,1.0,0.0
2025-08-04,AAPL,203.11949157714844,-0.002116929876224,-0.0253214934002308,210.0416259765625,208.50236968994145,0.0090338582450977,35.46154955139676,216.27405185095557,204.92292996056787,0.6519831651523873,1.8399280373295257,0.0170511426831851,0.0597574406854516,-1.1879448721771384,-0.0105634791494466,-0.0130727285657323,0.0007945588879731,0.0005612622603745,0.0,0.0,0.0,0.0,1.0
2025-08-05,AAPL,202.68995666503903,0.0496534163992592,0.0047815246195108,208.55617196219308,208.5806147257487,0.0085153434340898,38.126983648666446,216.85407200086897,203.6836599327248,0.1009025392558555,1.4921229377147918,0.0116715243293381,0.0305239647799944,-1.3912203984589362,-0.0071048015262791,-0.0105634791494466,-0.0130727285657323,0.0007945588879731,1.0,0.0,0.0,0.0,0.0
2025-08-06,AAPL,213.0082550048828,0.0312986884310921,-0.002116929876224,206.99223109654017,208.62789408365884,0.0085043243550387,37.38975022499474,217.32271000116089,202.50682491094847,-0.3662705656376772,1.120444237044298,0.0013809719449273,0.0156889503954874,-1.4867148026819752,-0.0253214934002308,-0.0071048015262791,-0.0105634791494466,-0.0130727285657323,0.0,1.0,0.0,0.0,0.0
2025-08-07,AAPL,219.7805633544922,0.0414853807848878,0.0496534163992592,206.8780735560826,209.05907135009767,0.014262282339093,58.26614066662388,217.5461623967089,202.49413301344737,0.0949967618052198,0.9153547419964824,0.0145051499647421,0.0459607001836498,-0.8203579801912625,0.0047815246195108,-0.0253214934002308,-0.0071048015262791,-0.0105634791494466,0.0,0.0,1.0,0.0,0.0
2025-08-08,AAPL,229.0900115966797,-0.008372367502325,0.0312986884310921,208.12808227539065,209.67403971354167,0.0158135812039904,66.22600603159131,219.06759014237963,201.73384113203448,0.9955470802913452,0.931393209655455,0.0275658324969381,0.0194284890678602,0.0641538706358902,-0.002116929876224,0.0047815246195108,-0.0253214934002308,-0.0071048015262791,0.0,0.0,0.0,1.0,0.0
2025-08-11,AAPL,227.17999267578125,0.010813761630775,0.0414853807848878,211.02479553222656,210.61796875,0.0180032438552154,73.66243849749935,223.35565676592785,199.26271329022453,2.432395228564189,1.231593613437202,0.0047749376038763,0.0512898834746503,1.2008016151269876,0.0496534163992592,-0.002116929876224,0.0047815246195108,-0.0253214934002308,0.0,0.0,0.0,0.0,1.0
2025-08-12,AAPL,229.6499938964844,0.0158973842121232,-0.008372367502325,213.8598371233259,211.49556681315104,0.0178448738181464,70.24503498629372,226.12792612958415,198.3700932795955,3.3780451717995845,1.6608839251096783,-0.0051072214784912,0.0211286345915507,1.7171612466899062,0.0312986884310921,0.0496534163992592,-0.002116929876224,0.0047815246195108,1.0,0.0,0.0,0.0,0.0
2025-08-13,AAPL,233.3300018310547,-0.0023599721366469,0.010813761630775,217.788323538644,212.31931966145837,0.0178960009034713,72.05080975607511,229.08111646556733,197.49460680103425,4.277479895110787,2.1842031191099003,0.0036534988018916,0.0162420893824206,2.0932767760008866,0.0414853807848878,0.0312986884310921,0.0496534163992592,-0.002116929876224,0.0,1.0,0.0,0.0,0.0
2025-08-14,AAPL,232.77999877929688,-0.0051252452089798,0.0158973842121232,222.10411071777344,213.1775060017904,0.0180693461234186,74.53082986350404,232.5092962924141,196.40725033844527,5.226980896529881,2.7927586745938964,0.0061833810819713,0.019586025321886,2.4342222219359844,-0.008372367502325,0.0414853807848878,0.0312986884310921,0.0496534163992592,0.0,0.0,1.0,0.0,0.0
2025-08-15,AAPL,231.58999633789065,-0.0030271470733911,-0.0023599721366469,226.4026881626674,213.86353352864583,0.0181026462874151,73.48137378358699,235.26367901760355,195.95267535251364,5.867450316344417,3.4076970029440004,0.0031285977877273,0.0183434532007209,2.459753313400417,0.010813761630775,-0.008372367502325,0.0414853807848878,0.0312986884310921,0.0,0.0,0.0,1.0,0.0
2025-08-18,AAPL,230.88999938964844,-0.0014302823252547,-0.0051252452089798,229.0572226388114,214.47293599446616,0.0182487196095917,71.14709397712892,237.40205582637137,195.8792384241169,6.2074480964705,3.9676472216493006,0.0052410053574225,0.0213308110001381,2.2398008748212,0.0158973842121232,0.010813761630775,-0.008372367502325,0.0414853807848878,0.0,0.0,0.0,0.0,1.0
2025-08-19,AAPL,230.5599975585937,-0.0199318998861528,-0.0030271470733911,230.644284929548,215.17886962890623,0.0183248280514502,69.7435922976088,239.1611958901919,195.9851862509214,6.347247761991895,4.44356732971782,0.0004749799736212,0.0130364871358341,1.9036804322740748,-0.0023599721366469,0.0158973842121232,0.010813761630775,-0.008372367502325,1.0,0.0,0.0,0.0,0.0
2025-08-20,AAPL,226.009994506836,-0.0049233899495595,-0.0014302823252547,230.85428292410717,215.8718053181966,0.0183298606308808,69.05202085593295,240.6702264850583,196.1164602214847,6.358119174245104,4.826477698623277,0.0016891133902698,0.0152671280835581,1.5316414756218268,-0.0051252452089798,-0.0023599721366469,0.0158973842121232,0.010813761630775,0.0,1.0,0.0,0.0,0.0
2025-08-21,AAPL,224.8999938964844,0.0126365870250975,-0.0199318998861528,230.68714032854356,216.37545013427732,0.019057385857902,60.18992291237185,241.4193226716564,196.5776408293202,5.9312162575027685,5.047425410399176,-0.0025156221252443,0.0207955270230319,0.8837908471035929,-0.0030271470733911,-0.0051252452089798,-0.0023599721366469,0.0158973842121232,0.0,0.0,1.0,0.0,0.0
2025-08-22,AAPL,227.759994506836,-0.0026377877210608,-0.0049233899495595,230.0085688999721,216.79980977376303,0.0191090998246797,58.22666095279685,241.9805063217999,197.15468960105164,5.440608895041208,5.126062107327583,0.0011504348123732,0.0121832172855691,0.3145467877136259,-0.0014302823252547,-0.0030271470733911,-0.0051252452089798,-0.0023599721366469,0.0,0.0,0.0,1.0,0.0
2025-08-25,AAPL,227.16000366210932,0.0094201581256383,0.0126365870250975,229.21285356794084,217.36112213134768,0.0192317708243002,61.6936526233384,242.7896111468459,197.75782995422836,5.222376863225719,5.1453250585072094,0.0056469733522779,0.0161573268551815,0.0770518047185095,-0.0199318998861528,-0.0014302823252547,-0.0030271470733911,-0.0051252452089798,0.0,0.0,0.0,0.0,1.0
2025-08-26,AAPL,229.3099975585937,0.0051327121240545,-0.0026377877210608,228.40999712262837,217.9870056152344,0.0192696484956102,60.55814679998049,243.44177484970183,198.4409308387747,4.944020567343927,5.105064160274553,-0.0056199456013708,0.0135147353175133,-0.1610435929306266,-0.0049233899495595,-0.0199318998861528,-0.0014302823252547,-0.0030271470733911,1.0,0.0,0.0,0.0,0.0
2025-08-27,AAPL,230.4900054931641,0.008940744372456,0.0094201581256383,228.08428301130024,218.66824035644527,0.0189338935978591,63.17381638282716,244.1447159873725,199.5659392250298,4.841102520234784,5.0522718322666,-0.0012766708058044,0.0209323758356036,-0.2111693120318154,0.0126365870250975,-0.0049233899495595,-0.0199318998861528,-0.0014302823252547,0.0,1.0,0.0,0.0,0.0
2025-08-28,AAPL,232.5599975585937,-0.0018076104414195,0.0051327121240545,228.02714102608817,219.3538482666016,0.0186143715898418,64.56286226051876,244.65912275363127,201.21923112820463,4.799431150240537,5.001703695861388,-0.0030526228934404,0.0114538562485597,-0.2022725456208514,-0.0026377877210608,0.0126365870250975,-0.0049233899495595,-0.0199318998861528,0.0,0.0,1.0,0.0,0.0
2025-08-29,AAPL,232.13999938964844,-0.0104794540012678,0.008940744372456,228.31285531180245,220.11311747233077,0.0184126792243787,66.9200448491647,245.01585090162237,203.3850325822644,4.877215841074275,4.976806124903965,0.00143174030626,0.0175008916707321,-0.0995902838296904,0.0094201581256383,-0.0026377877210608,0.0126365870250975,-0.0049233899495595,0.0,0.0,0.0,1.0,0.0
2025-09-02,AAPL,229.72000122070312,0.0373823400620567,-0.0018076104414195,229.1885702950614,220.81976420084635,0.0170231741972937,65.9613344849854,243.9954872818873,207.4043372420384,4.849073327924771,4.951259565508126,-0.0002150114047243,0.0086586101960446,-0.1021862375833553,0.0051327121240545,0.0094201581256383,-0.0026377877210608,0.0126365870250975,0.0,0.0,0.0,0.0,1.0
2025-09-03,AAPL,238.47000122070312,0.0054783098165511,-0.0104794540012678,229.87714276994976,221.4024602254232,0.0174603211621777,60.57632532304935,241.9744996594268,212.08537582885447,4.578715968499466,4.876750846106394,-0.0124493813959116,0.0168901482770094,-0.2980348776069279,0.008940744372456,0.0051327121240545,0.0094201581256383,-0.0026377877210608,0.0,1.0,0.0,0.0,0.0
2025-09-04,AAPL,239.77999877929688,-0.0003753992479964,0.0373823400620567,231.40714372907365,222.21289520263676,0.0186677841844993,70.08572653823026,239.43466282442853,218.20321711941915,5.01272412315484,4.903945501516084,0.032604934064788,0.0188283870934714,0.1087786216387556,-0.0018076104414195,0.008940744372456,0.0051327121240545,0.0094201581256383,0.0,0.0,1.0,0.0,0.0
2025-09-05,AAPL,239.69000244140625,-0.0075800665758203,0.0054783098165511,233.21000017438612,223.0753209431966,0.0159049022391357,71.20555598161187,238.9788554208293,221.3361989004597,5.400135170671206,5.0031834353471085,-8.38859074874243e-05,0.0131786988881791,0.3969517353240972,-0.0104794540012678,-0.0018076104414195,0.008940744372456,0.0051327121240545,0.0,0.0,0.0,1.0,0.0
2025-09-08,AAPL,237.8800048828125,-0.0149506149516014,-0.0003753992479964,234.692858014788,223.947732035319,0.0147821290264077,71.00889183222829,239.5257949406648,222.7802032893157,5.6349431476608345,5.129535377809853,0.0009175128110063,0.0118069247871382,0.5054077698509811,0.0373823400620567,-0.0104794540012678,-0.0018076104414195,0.008940744372456,0.0,0.0,0.0,0.0,1.0
2025-09-09,AAPL,234.3500061035156,-0.0327913008462843,-0.0075800665758203,235.7485722133092,224.7558141072591,0.0121248875989462,67.0008742671353,240.41980226228475,222.765195296309,5.610306365441176,5.225689575336118,-0.0016270991100005,0.0160164683049787,0.3846167901050572,0.0054783098165511,0.0373823400620567,-0.0104794540012678,-0.0018076104414195,1.0,0.0,0.0,0.0,0.0
2025-09-10,AAPL,226.7899932861328,0.0141852803263393,-0.0149506149516014,236.00428771972656,225.4405690511068,0.0125011026369857,59.899808069019,240.60443556906145,223.2975633323057,5.245473583696168,5.2296463770081285,-0.0036993646575971,0.0231277918830144,0.0158272066880389,-0.0003753992479964,0.0054783098165511,0.0373823400620567,-0.0104794540012678,0.0,1.0,0.0,0.0,0.0
2025-09-11,AAPL,230.02999877929688,0.017410517319317,-0.0327913008462843,235.24000113351005,225.96588541666668,0.0144514254272271,48.133870563802894,240.71242377291912,222.90357506741293,4.296780511897396,5.043073203985983,-0.0092169985314839,0.0285286009623015,-0.7462926920885868,-0.0075800665758203,-0.0003753992479964,0.0054783098165511,0.0373823400620567,0.0,0.0,1.0,0.0,0.0
2025-09-12,AAPL,234.07000732421875,0.0111732564144704,0.0141852803263393,235.28428649902344,226.6731180826823,0.0143531280864621,52.44512859107996,240.55097282104649,222.73502571410975,3.762998281174731,4.7870582194237326,0.0003968940400562,0.0165195977564809,-1.0240599382490014,-0.0149506149516014,-0.0075800665758203,-0.0003753992479964,0.0054783098165511,0.0,0.0,0.0,1.0,0.0
2025-09-15,AAPL,236.6999969482422,0.0061071979909961,0.017410517319317,234.6557159423828,227.56429494222004,0.0149039161666694,57.220202732106586,240.6686598647104,222.746339524938,3.624189542383761,4.554484484015738,-0.0035212692383261,0.0234544796966262,-0.9302949416319776,-0.0327913008462843,-0.0149506149516014,-0.0075800665758203,-0.0003753992479964,0.0,0.0,0.0,0.0,1.0
2025-09-16,AAPL,238.1499938964844,0.00352103141888,0.0111732564144704,234.2157156808036,228.7159418741862,0.0150380076379919,60.033633355518354,241.1972834040412,222.72871604664243,3.6839346937672417,4.380374525966039,0.0125175912509063,0.0133502480052855,-0.6964398321987977,0.0141852803263393,-0.0327913008462843,-0.0149506149516014,-0.0075800665758203,1.0,0.0,0.0,0.0,0.0
2025-09-17,AAPL,238.9900054931641,-0.0046553676721172,0.0061071979909961,233.9957144601005,229.88362528483077,0.0150450526416667,61.53557969244916,241.9454333728641,222.70656552850303,3.804430683528409,4.2651857574785135,0.0020278653727403,0.0205752425868809,-0.4607550739501045,0.017410517319317,0.0141852803263393,-0.0327913008462843,-0.0149506149516014,0.0,1.0,0.0,0.0,0.0
