Date,Adj Close,Close,High,Low,Open,Volume,Ticker
2023-01-03,123.33064270019531,125.06999969482422,130.89999389648438,124.16999816894531,130.27999877929688,112117500,AAPL
2023-01-04,124.60270690917969,126.36000061035156,128.66000366210938,125.08000183105469,126.88999938964844,89113600,AAPL
2023-01-05,123.28134155273438,125.0199966430664,127.7699966430664,124.76000213623047,127.12999725341797,80962700,AAPL
2023-01-06,127.81736755371094,129.6199951171875,130.2899932861328,124.88999938964844,126.01000213623047,87754700,AAPL
2023-01-09,128.33999633789062,130.14999389648438,133.41000366210938,129.88999938964844,130.47000122070312,70790800,AAPL
2023-01-10,128.91189575195312,130.72999572753906,131.25999450683594,128.1199951171875,130.25999450683594,63896200,AAPL
2023-01-11,131.63356018066406,133.49000549316406,133.50999450683594,130.4600067138672,131.25,69458900,AAPL
2023-01-12,131.55467224121094,133.41000366210938,134.25999450683594,131.44000244140625,133.8800048828125,71379600,AAPL
2023-01-13,132.88587951660156,134.75999450683594,134.9199981689453,131.66000366210938,132.02999877929688,57809700,AAPL
2023-01-17,134.04949951171875,135.94000244140625,137.2899932861328,134.1300048828125,134.8300018310547,63646600,AAPL
2023-01-18,133.32962036132812,135.2100067138672,138.61000061035156,135.02999877929688,136.82000732421875,69672800,AAPL
2023-01-19,133.38882446289062,135.27000427246094,136.25,133.77000427246094,134.0800018310547,58280400,AAPL
2023-01-20,135.95262145996094,137.8699951171875,138.02000427246094,134.22000122070312,135.27999877929688,80223600,AAPL
2023-01-23,139.1476287841797,141.11000061035156,143.32000732421875,137.89999389648438,138.1199951171875,81760300,AAPL
2023-01-24,140.54782104492188,142.52999877929688,143.16000366210938,140.3000030517578,140.30999755859375,66435100,AAPL
2023-01-25,139.88714599609375,141.86000061035156,142.42999267578125,138.80999755859375,140.88999938964844,65799300,AAPL
2023-01-26,141.9579315185547,143.9600067138672,144.25,141.89999389648438,143.1699981689453,54105100,AAPL
2023-01-27,143.90054321289062,145.92999267578125,147.22999572753906,143.0800018310547,143.16000366210938,70555800,AAPL
2023-01-30,141.01129150390625,143.0,145.5500030517578,142.85000610351562,144.9600067138672,64015300,AAPL
2023-01-31,142.28334045410156,144.2899932861328,144.33999633789062,142.27999877929688,142.6999969482422,65874500,AAPL
2023-02-01,143.407470703125,145.42999267578125,146.61000061035156,141.32000732421875,143.97000122070312,77663600,AAPL
2023-02-02,148.7225341796875,150.82000732421875,151.17999267578125,148.1699981689453,148.89999389648438,118339000,AAPL
2023-02-03,152.3513641357422,154.5,157.3800048828125,147.8300018310547,148.02999877929688,154357300,AAPL
2023-02-06,149.61990356445312,151.72999572753906,153.10000610351562,150.77999877929688,152.57000732421875,69858300,AAPL
2023-02-07,152.499267578125,154.64999389648438,155.22999572753906,150.63999938964844,150.63999938964844,83322600,AAPL
2023-02-08,149.8072509765625,151.9199981689453,154.5800018310547,151.1699981689453,153.8800048828125,64120100,AAPL
2023-02-09,148.77183532714844,150.8699951171875,154.3300018310547,150.4199981689453,153.77999877929688,56007100,AAPL
2023-02-10,149.1372833251953,151.00999450683594,151.33999633789062,149.22000122070312,149.4600067138672,57450700,AAPL
2023-02-13,151.94203186035156,153.85000610351562,154.25999450683594,150.9199981689453,150.9499969482422,62199000,AAPL
2023-02-14,151.30010986328125,153.1999969482422,153.77000427246094,150.86000061035156,152.1199951171875,61707600,AAPL
2023-02-15,153.4036865234375,155.3300018310547,155.5,152.8800048828125,153.11000061035156,65573800,AAPL
2023-02-16,151.80377197265625,153.7100067138672,156.3300018310547,153.35000610351562,153.50999450683594,68167900,AAPL
2023-02-17,150.65814208984375,152.5500030517578,153.0,150.85000610351562,152.35000610351562,59144100,AAPL
2023-02-21,146.6386260986328,148.47999572753906,151.3000030517578,148.41000366210938,150.1999969482422,58867200,AAPL
2023-02-22,147.0633087158203,148.91000366210938,149.9499969482422,147.16000366210938,148.8699951171875,51011300,AAPL
2023-02-23,147.5472412109375,149.39999389648438,150.33999633789062,147.24000549316406,150.08999633789062,48394200,AAPL
2023-02-24,144.89056396484375,146.7100067138672,147.19000244140625,145.72000122070312,147.11000061035156,55469600,AAPL
2023-02-27,146.08558654785156,147.9199981689453,149.1699981689453,147.4499969482422,147.7100067138672,44998500,AAPL
2023-02-28,145.5819091796875,147.41000366210938,149.0800018310547,146.8300018310547,147.0500030517578,50547000,AAPL
2023-03-01,143.50794982910156,145.30999755859375,147.22999572753906,145.00999450683594,146.8300018310547,55479000,AAPL
2023-03-02,144.10052490234375,145.91000366210938,146.7100067138672,143.89999389648438,144.3800048828125,52238100,AAPL
2023-03-03,149.15699768066406,151.02999877929688,151.11000061035156,147.3300018310547,148.0399932861328,70732300,AAPL
2023-03-06,151.92230224609375,153.8300018310547,156.3000030517578,153.4600067138672,153.7899932861328,87558000,AAPL
2023-03-07,149.71994018554688,151.60000610351562,154.02999877929688,151.1300048828125,153.6999969482422,56182000,AAPL
2023-03-08,150.97418212890625,152.8699951171875,153.47000122070312,151.8300018310547,152.80999755859375,47204800,AAPL
2023-03-09,148.7224578857422,150.58999633789062,154.5399932861328,150.22999572753906,153.55999755859375,53833600,AAPL
2023-03-10,146.6584014892578,148.5,150.94000244140625,147.61000061035156,150.2100067138672,68572400,AAPL
2023-03-13,148.60397338867188,150.47000122070312,153.13999938964844,147.6999969482422,147.80999755859375,84457100,AAPL
2023-03-14,150.69764709472656,152.58999633789062,153.39999389648438,150.10000610351562,151.27999877929688,73695900,AAPL
2023-03-15,151.0927276611328,152.99000549316406,153.25,149.9199981689453,151.19000244140625,77167900,AAPL
2023-03-16,153.917236328125,155.85000610351562,156.4600067138672,151.63999938964844,152.16000366210938,76161100,AAPL
2023-03-17,153.07777404785156,155.0,156.74000549316406,154.27999877929688,156.0800018310547,98944600,AAPL
2023-03-20,155.44801330566406,157.39999389648438,157.82000732421875,154.14999389648438,155.07000732421875,73641400,AAPL
2023-03-21,157.3046875,159.27999877929688,159.39999389648438,156.5399932861328,157.32000732421875,73938300,AAPL
2023-03-22,155.87269592285156,157.8300018310547,162.13999938964844,157.80999755859375,159.3000030517578,75701800,AAPL
2023-03-23,156.95901489257812,158.92999267578125,161.5500030517578,157.67999267578125,158.8300018310547,67622100,AAPL
2023-03-24,158.26266479492188,160.25,160.33999633789062,157.85000610351562,158.86000061035156,59196500,AAPL
2023-03-27,156.31710815429688,158.27999877929688,160.77000427246094,157.8699951171875,159.94000244140625,52390300,AAPL
2023-03-28,155.6949005126953,157.64999389648438,158.49000549316406,155.97999572753906,157.97000122070312,45992200,AAPL
2023-03-29,158.7762451171875,160.77000427246094,161.0500030517578,159.35000610351562,159.3699951171875,51305700,AAPL
2023-03-30,160.34649658203125,162.36000061035156,162.47000122070312,161.27000427246094,161.52999877929688,49501700,AAPL
2023-03-31,162.85499572753906,164.89999389648438,165.0,161.91000366210938,162.44000244140625,68749800,AAPL
2023-04-03,164.10923767089844,166.1699981689453,166.2899932861328,164.22000122070312,164.27000427246094,56976200,AAPL
2023-04-04,163.57595825195312,165.6300048828125,166.83999633789062,165.11000061035156,166.60000610351562,46278300,AAPL
2023-04-05,161.7291259765625,163.75999450683594,165.0500030517578,161.8000030517578,164.74000549316406,51511700,AAPL
2023-04-06,162.61795043945312,164.66000366210938,164.9600067138672,162.0,162.42999267578125,45390100,AAPL
2023-04-10,160.02056884765625,162.02999877929688,162.02999877929688,160.0800018310547,161.4199981689453,47716900,AAPL
2023-04-11,158.8058319091797,160.8000030517578,162.36000061035156,160.50999450683594,162.35000610351562,47644200,AAPL
2023-04-12,158.11451721191406,160.10000610351562,162.05999755859375,159.77999877929688,161.22000122070312,50133100,AAPL
2023-04-13,163.50682067871094,165.55999755859375,165.8000030517578,161.4199981689453,161.6300048828125,68445600,AAPL
2023-04-14,163.16116333007812,165.2100067138672,166.32000732421875,163.82000732421875,164.58999633789062,49386500,AAPL
2023-04-17,163.180908203125,165.22999572753906,165.38999938964844,164.02999877929688,165.08999633789062,41516200,AAPL
2023-04-18,164.40553283691406,166.47000122070312,167.41000366210938,165.64999389648438,166.10000610351562,49923000,AAPL
2023-04-19,165.55116271972656,167.6300048828125,168.16000366210938,165.5399932861328,165.8000030517578,47720200,AAPL
2023-04-20,164.5832977294922,166.64999389648438,167.8699951171875,165.55999755859375,166.08999633789062,52456400,AAPL
2023-04-21,162.97349548339844,165.02000427246094,166.4499969482422,164.49000549316406,165.0500030517578,58337300,AAPL
2023-04-24,163.27967834472656,165.3300018310547,165.60000610351562,163.88999938964844,165.0,41949600,AAPL
2023-04-25,161.739013671875,163.77000427246094,166.30999755859375,163.72999572753906,165.19000244140625,48714100,AAPL
2023-04-26,161.7291259765625,163.75999450683594,165.27999877929688,162.8000030517578,163.05999755859375,45498800,AAPL
2023-04-27,166.3214569091797,168.41000366210938,168.55999755859375,165.19000244140625,165.19000244140625,64902300,AAPL
2023-04-28,167.5757293701172,169.67999267578125,169.85000610351562,167.8800048828125,168.49000549316406,55275900,AAPL
2023-05-01,167.4868621826172,169.58999633789062,170.4499969482422,168.63999938964844,169.27999877929688,52472900,AAPL
2023-05-02,166.4498748779297,168.5399932861328,170.35000610351562,167.5399932861328,170.08999633789062,48425700,AAPL
2023-05-03,165.37338256835938,167.4499969482422,170.9199981689453,167.16000366210938,169.5,65136000,AAPL
2023-05-04,163.73394775390625,165.7899932861328,167.0399932861328,164.30999755859375,164.88999938964844,81235400,AAPL
2023-05-05,171.41748046875,173.57000732421875,174.3000030517578,170.75999450683594,170.97999572753906,113453200,AAPL
2023-05-08,171.34835815429688,173.5,173.85000610351562,172.11000061035156,172.47999572753906,55962800,AAPL
2023-05-09,169.6398162841797,171.77000427246094,173.5399932861328,171.60000610351562,173.0500030517578,45326900,AAPL
2023-05-10,171.40760803222656,173.55999755859375,174.02999877929688,171.89999389648438,173.02000427246094,53724500,AAPL
2023-05-11,171.59523010253906,173.75,174.58999633789062,172.1699981689453,173.85000610351562,49514700,AAPL
2023-05-12,170.66563415527344,172.57000732421875,174.05999755859375,171.0,173.6199951171875,45533100,AAPL
2023-05-15,170.17112731933594,172.07000732421875,173.2100067138672,171.47000122070312,173.16000366210938,37266700,AAPL
2023-05-16,170.17112731933594,172.07000732421875,173.13999938964844,171.8000030517578,171.99000549316406,42110300,AAPL
2023-05-17,170.78431701660156,172.69000244140625,172.92999267578125,170.4199981689453,171.7100067138672,57951600,AAPL
2023-05-18,173.11827087402344,175.0500030517578,175.24000549316406,172.5800018310547,173.0,65496700,AAPL
2023-05-19,173.22703552246094,175.16000366210938,176.38999938964844,174.94000244140625,176.38999938964844,55809500,AAPL
2023-05-22,172.27761840820312,174.1999969482422,174.7100067138672,173.4499969482422,173.97999572753906,43570900,AAPL
2023-05-23,169.6667938232422,171.55999755859375,173.3800048828125,171.27999877929688,173.1300048828125,50747300,AAPL
2023-05-24,169.94366455078125,171.83999633789062,172.4199981689453,170.52000427246094,171.08999633789062,45143500,AAPL
2023-05-25,171.08099365234375,172.99000549316406,173.89999389648438,171.69000244140625,172.41000366210938,56058300,AAPL
2023-05-26,173.49404907226562,175.42999267578125,175.77000427246094,173.11000061035156,173.32000732421875,54835000,AAPL
2023-05-30,175.3434295654297,177.3000030517578,178.99000549316406,176.57000732421875,176.9600067138672,55964400,AAPL
2023-05-31,175.29396057128906,177.25,179.35000610351562,176.75999450683594,177.3300018310547,99625300,AAPL
2023-06-01,178.10260009765625,180.08999633789062,180.1199951171875,176.92999267578125,177.6999969482422,68901800,AAPL
2023-06-02,178.95314025878906,180.9499969482422,181.77999877929688,179.25999450683594,181.02999877929688,61996900,AAPL
2023-06-05,177.5982666015625,179.5800018310547,184.9499969482422,178.0399932861328,182.6300048828125,121946500,AAPL
2023-06-06,177.23236083984375,179.2100067138672,180.1199951171875,177.42999267578125,179.97000122070312,64848400,AAPL
2023-06-07,175.85769653320312,177.82000732421875,181.2100067138672,177.32000732421875,178.44000244140625,61944600,AAPL
2023-06-08,178.5773468017578,180.57000732421875,180.83999633789062,177.4600067138672,177.89999389648438,50214900,AAPL
2023-06-09,178.96304321289062,180.9600067138672,182.22999572753906,180.6300048828125,181.5,48900000,AAPL
2023-06-12,181.7617950439453,183.7899932861328,183.88999938964844,180.97000122070312,181.27000427246094,54274900,AAPL
2023-06-13,181.28707885742188,183.30999755859375,184.14999389648438,182.44000244140625,182.8000030517578,54929100,AAPL
2023-06-14,181.92002868652344,183.9499969482422,184.38999938964844,182.02000427246094,183.3699951171875,57462900,AAPL
2023-06-15,183.9573211669922,186.00999450683594,186.52000427246094,183.77999877929688,183.9600067138672,65433200,AAPL
2023-06-16,182.87933349609375,184.9199981689453,186.99000549316406,184.27000427246094,186.72999572753906,101256200,AAPL
2023-06-20,182.96832275390625,185.00999450683594,186.10000610351562,184.41000366210938,184.41000366210938,49799100,AAPL
2023-06-21,181.92994689941406,183.9600067138672,185.41000366210938,182.58999633789062,184.89999389648438,49515700,AAPL
2023-06-22,184.93637084960938,187.0,187.0500030517578,183.6699981689453,183.74000549316406,51245300,AAPL
2023-06-23,184.6199188232422,186.67999267578125,187.55999755859375,185.00999450683594,185.5500030517578,53117000,AAPL
2023-06-26,183.2254638671875,185.27000427246094,188.0500030517578,185.22999572753906,186.8300018310547,48088700,AAPL
2023-06-27,185.9846954345703,188.05999755859375,188.38999938964844,185.6699981689453,185.88999938964844,50730800,AAPL
2023-06-28,187.16152954101562,189.25,189.89999389648438,187.60000610351562,187.92999267578125,51216800,AAPL
2023-06-29,187.497802734375,189.58999633789062,190.07000732421875,188.94000244140625,189.0800018310547,46347300,AAPL
2023-06-30,191.8294677734375,193.97000122070312,194.47999572753906,191.25999450683594,191.6300048828125,85213200,AAPL
2023-07-03,190.33612060546875,192.4600067138672,193.8800048828125,191.75999450683594,193.77999877929688,31458200,AAPL
2023-07-05,189.21859741210938,191.3300018310547,192.97999572753906,190.6199951171875,191.57000732421875,46920300,AAPL
2023-07-06,189.69329833984375,191.80999755859375,192.02000427246094,189.1999969482422,189.83999633789062,45094300,AAPL
2023-07-07,188.57577514648438,190.67999267578125,192.6699981689453,190.24000549316406,191.41000366210938,46815000,AAPL
2023-07-10,186.52862548828125,188.61000061035156,189.99000549316406,187.0399932861328,189.25999450683594,59922200,AAPL
2023-07-11,186.0044403076172,188.0800018310547,189.3000030517578,186.60000610351562,189.16000366210938,46638100,AAPL
2023-07-12,187.67581176757812,189.77000427246094,191.6999969482422,188.47000122070312,189.67999267578125,60750200,AAPL
2023-07-13,188.43734741210938,190.5399932861328,191.19000244140625,189.77999877929688,190.5,41342300,AAPL
2023-07-14,188.585693359375,190.69000244140625,191.17999267578125,189.6300048828125,190.22999572753906,41616200,AAPL
2023-07-17,191.84925842285156,193.99000549316406,194.32000732421875,191.80999755859375,191.89999389648438,50520200,AAPL
2023-07-18,191.59210205078125,193.72999572753906,194.3300018310547,192.4199981689453,193.35000610351562,48288200,AAPL
2023-07-19,192.94699096679688,195.10000610351562,198.22999572753906,192.64999389648438,193.10000610351562,80507300,AAPL
2023-07-20,190.99874877929688,193.1300048828125,196.47000122070312,192.5,195.08999633789062,59581200,AAPL
2023-07-21,189.82186889648438,191.94000244140625,194.97000122070312,191.22999572753906,194.10000610351562,71951700,AAPL
2023-07-24,190.62290954589844,192.75,194.91000366210938,192.25,193.41000366210938,45377800,AAPL
2023-07-25,191.4833221435547,193.6199951171875,194.44000244140625,192.9199981689453,193.3300018310547,37283200,AAPL
2023-07-26,192.35360717773438,194.5,195.63999938964844,193.32000732421875,193.6699981689453,47471900,AAPL
2023-07-27,191.08773803710938,193.22000122070312,197.1999969482422,192.5500030517578,196.02000427246094,47460200,AAPL
2023-07-28,193.66893005371094,195.8300018310547,196.6300048828125,194.13999938964844,194.6699981689453,48291400,AAPL
2023-07-31,194.28208923339844,196.4499969482422,196.49000549316406,195.25999450683594,196.05999755859375,38824100,AAPL
2023-08-01,193.45138549804688,195.61000061035156,196.72999572753906,195.27999877929688,196.24000549316406,35175100,AAPL
2023-08-02,190.45480346679688,192.5800018310547,195.17999267578125,191.85000610351562,195.0399932861328,50389300,AAPL
2023-08-03,189.06036376953125,191.1699981689453,192.3699951171875,190.69000244140625,191.57000732421875,61235200,AAPL
2023-08-04,179.98167419433594,181.99000549316406,187.3800048828125,181.9199981689453,185.52000427246094,115956800,AAPL
2023-08-07,176.87632751464844,178.85000610351562,183.1300048828125,177.35000610351562,182.1300048828125,97576100,AAPL
2023-08-08,177.81585693359375,179.8000030517578,180.27000427246094,177.5800018310547,179.69000244140625,67823000,AAPL
2023-08-09,176.22361755371094,178.19000244140625,180.92999267578125,177.00999450683594,180.8699951171875,60378500,AAPL
2023-08-10,176.0060272216797,177.97000122070312,180.75,177.60000610351562,179.47999572753906,54686900,AAPL
2023-08-11,176.06544494628906,177.7899932861328,178.6199951171875,176.5500030517578,177.32000732421875,52036700,AAPL
2023-08-14,177.71925354003906,179.4600067138672,179.69000244140625,177.30999755859375,177.97000122070312,43675600,AAPL
2023-08-15,175.728759765625,177.4499969482422,179.47999572753906,177.0500030517578,178.8800048828125,43622600,AAPL
2023-08-16,174.8572998046875,176.57000732421875,178.5399932861328,176.5,177.1300048828125,46964900,AAPL
2023-08-17,172.31219482421875,174.0,177.50999450683594,173.47999572753906,177.13999938964844,66062900,AAPL
2023-08-18,172.79747009277344,174.49000549316406,175.10000610351562,171.9600067138672,172.3000030517578,61172200,AAPL
2023-08-21,174.1343536376953,175.83999633789062,176.1300048828125,173.74000549316406,175.07000732421875,46311900,AAPL
2023-08-22,175.51087951660156,177.22999572753906,177.67999267578125,176.25,177.05999755859375,42038900,AAPL
2023-08-23,179.36314392089844,181.1199951171875,181.5500030517578,178.3300018310547,178.52000427246094,52722800,AAPL
2023-08-24,174.6691436767578,176.3800048828125,181.10000610351562,176.00999450683594,180.6699981689453,54945800,AAPL
2023-08-25,176.87750244140625,178.61000061035156,179.14999389648438,175.82000732421875,177.3800048828125,51449600,AAPL
2023-08-28,178.4421844482422,180.19000244140625,180.58999633789062,178.5500030517578,180.08999633789062,43820700,AAPL
2023-08-29,182.3340301513672,184.1199951171875,184.89999389648438,179.5,179.6999969482422,53003900,AAPL
2023-08-30,185.8297882080078,187.64999389648438,187.85000610351562,184.74000549316406,184.94000244140625,60813900,AAPL
2023-08-31,186.0476531982422,187.8699951171875,189.1199951171875,187.47999572753906,187.83999633789062,60794500,AAPL
2023-09-01,187.62225341796875,189.4600067138672,189.9199981689453,188.27999877929688,189.49000549316406,45766500,AAPL
2023-09-05,187.8599090576172,189.6999969482422,189.97999572753906,187.61000061035156,188.27999877929688,45280000,AAPL
2023-09-06,181.1357879638672,182.91000366210938,188.85000610351562,181.47000122070312,188.39999389648438,81755800,AAPL
2023-09-07,175.83767700195312,177.55999755859375,178.2100067138672,173.5399932861328,175.17999267578125,112488800,AAPL
2023-09-08,176.45167541503906,178.17999267578125,180.24000549316406,177.7899932861328,178.35000610351562,65551300,AAPL
2023-09-11,177.62020874023438,179.36000061035156,180.3000030517578,177.33999633789062,180.07000732421875,58953100,AAPL
2023-09-12,174.58987426757812,176.3000030517578,180.1300048828125,174.82000732421875,179.49000549316406,90370200,AAPL
2023-09-13,172.52015686035156,174.2100067138672,177.3000030517578,173.97999572753906,176.50999450683594,84267900,AAPL
2023-09-14,174.03533935546875,175.74000549316406,176.10000610351562,173.5800018310547,174.0,60895800,AAPL
2023-09-15,173.31239318847656,175.00999450683594,176.5,173.82000732421875,176.47999572753906,109259500,AAPL
2023-09-18,176.2436981201172,177.97000122070312,179.3800048828125,176.1699981689453,176.47999572753906,67257600,AAPL
2023-09-19,177.33303833007812,179.07000732421875,179.6300048828125,177.1300048828125,177.52000427246094,51826900,AAPL
2023-09-20,173.78775024414062,175.49000549316406,179.6999969482422,175.39999389648438,179.25999450683594,58436200,AAPL
2023-09-21,172.24285888671875,173.92999267578125,176.3000030517578,173.86000061035156,174.5500030517578,63149100,AAPL
2023-09-22,173.0945587158203,174.7899932861328,177.0800018310547,174.0500030517578,174.6699981689453,56725400,AAPL
2023-09-25,174.37203979492188,176.0800018310547,176.97000122070312,174.14999389648438,174.1999969482422,46172700,AAPL
2023-09-26,170.29197692871094,171.9600067138672,175.1999969482422,171.66000366210938,174.82000732421875,64588900,AAPL
2023-09-27,168.77684020996094,170.42999267578125,173.0399932861328,169.0500030517578,172.6199951171875,66921800,AAPL
2023-09-28,169.03433227539062,170.69000244140625,172.02999877929688,167.6199951171875,169.33999633789062,56294400,AAPL
2023-09-29,169.5492706298828,171.2100067138672,173.07000732421875,170.33999633789062,172.02000427246094,51861100,AAPL
2023-10-02,172.0646209716797,173.75,174.3000030517578,170.92999267578125,171.22000122070312,52164500,AAPL
2023-10-03,170.7277374267578,172.39999389648438,173.6300048828125,170.82000732421875,172.25999450683594,49594600,AAPL
2023-10-04,171.9755096435547,173.66000366210938,174.2100067138672,170.97000122070312,171.08999633789062,53020300,AAPL
2023-10-05,173.21339416503906,174.91000366210938,175.4499969482422,172.67999267578125,173.7899932861328,48527900,AAPL
2023-10-06,175.76837158203125,177.49000549316406,177.99000549316406,173.17999267578125,173.8000030517578,57266700,AAPL
2023-10-09,177.25381469726562,178.99000549316406,179.0500030517578,175.8000030517578,176.80999755859375,42390800,AAPL
2023-10-10,176.6596221923828,178.38999938964844,179.72000122070312,177.9499969482422,178.10000610351562,43698000,AAPL
2023-10-11,178.05596923828125,179.8000030517578,179.85000610351562,177.60000610351562,178.1999969482422,47551100,AAPL
2023-10-12,178.95713806152344,180.7100067138672,182.33999633789062,179.0399932861328,180.07000732421875,56743100,AAPL
2023-10-13,177.1151885986328,178.85000610351562,181.92999267578125,178.13999938964844,181.4199981689453,51427100,AAPL
2023-10-16,176.98643493652344,178.72000122070312,179.0800018310547,176.50999450683594,176.75,52517000,AAPL
2023-10-17,175.43165588378906,177.14999389648438,178.4199981689453,174.8000030517578,176.64999389648438,57549400,AAPL
2023-10-18,174.1343536376953,175.83999633789062,177.5800018310547,175.11000061035156,175.5800018310547,54764400,AAPL
2023-10-19,173.758056640625,175.4600067138672,177.83999633789062,175.19000244140625,176.0399932861328,59302900,AAPL
2023-10-20,171.2030792236328,172.8800048828125,175.4199981689453,172.63999938964844,175.30999755859375,64244000,AAPL
2023-10-23,171.32192993164062,173.0,174.00999450683594,169.92999267578125,170.91000366210938,55980100,AAPL
2023-10-24,171.75762939453125,173.44000244140625,173.6699981689453,171.4499969482422,173.0500030517578,43816600,AAPL
2023-10-25,169.44033813476562,171.10000610351562,173.05999755859375,170.64999389648438,171.8800048828125,57157000,AAPL
2023-10-26,165.2711639404297,166.88999938964844,171.3800048828125,165.6699981689453,170.3699951171875,70625300,AAPL
2023-10-27,166.58827209472656,168.22000122070312,168.9600067138672,166.8300018310547,166.91000366210938,58499100,AAPL
2023-10-30,168.63818359375,170.2899932861328,171.1699981689453,168.8699951171875,169.02000427246094,51131000,AAPL
2023-10-31,169.11355590820312,170.77000427246094,170.89999389648438,167.89999389648438,169.35000610351562,44846000,AAPL
2023-11-01,172.28250122070312,173.97000122070312,174.22999572753906,170.1199951171875,171.0,56934900,AAPL
2023-11-02,175.84759521484375,177.57000732421875,177.77999877929688,175.4600067138672,175.52000427246094,77334800,AAPL
2023-11-03,174.93649291992188,176.64999389648438,176.82000732421875,173.35000610351562,174.24000549316406,79829200,AAPL
2023-11-06,177.49148559570312,179.22999572753906,179.42999267578125,176.2100067138672,176.3800048828125,63841300,AAPL
2023-11-07,180.0563507080078,181.82000732421875,182.44000244140625,178.97000122070312,179.17999267578125,70530000,AAPL
2023-11-08,181.115966796875,182.88999938964844,183.4499969482422,181.58999633789062,182.35000610351562,49340300,AAPL
2023-11-09,180.64065551757812,182.41000366210938,184.1199951171875,181.80999755859375,182.9600067138672,53763500,AAPL
2023-11-10,184.83511352539062,186.39999389648438,186.57000732421875,183.52999877929688,183.97000122070312,66133400,AAPL
2023-11-13,183.24851989746094,184.8000030517578,186.02999877929688,184.2100067138672,185.82000732421875,43627500,AAPL
2023-11-14,185.86639404296875,187.44000244140625,188.11000061035156,186.3000030517578,187.6999969482422,60108400,AAPL
2023-11-15,186.4315948486328,188.00999450683594,189.5,187.77999877929688,187.85000610351562,53790500,AAPL
2023-11-16,188.11734008789062,189.7100067138672,190.9600067138672,188.64999389648438,189.57000732421875,54412900,AAPL
2023-11-17,188.09751892089844,189.69000244140625,190.3800048828125,188.57000732421875,190.25,50922700,AAPL
2023-11-20,189.84271240234375,191.4499969482422,191.91000366210938,189.8800048828125,189.88999938964844,46505100,AAPL
2023-11-21,189.03953552246094,190.63999938964844,191.52000427246094,189.74000549316406,191.41000366210938,38134500,AAPL
2023-11-22,189.70388793945312,191.30999755859375,192.92999267578125,190.8300018310547,191.49000549316406,39617700,AAPL
2023-11-24,188.37515258789062,189.97000122070312,190.89999389648438,189.25,190.8699951171875,24048300,AAPL
2023-11-27,188.19664001464844,189.7899932861328,190.6699981689453,188.89999389648438,189.9199981689453,40552600,AAPL
2023-11-28,188.80152893066406,190.39999389648438,191.0800018310547,189.39999389648438,189.77999877929688,38415400,AAPL
2023-11-29,187.78018188476562,189.3699951171875,192.08999633789062,188.97000122070312,190.89999389648438,43014200,AAPL
2023-11-30,188.35531616210938,189.9499969482422,190.32000732421875,188.19000244140625,189.83999633789062,48794400,AAPL
2023-12-01,189.63449096679688,191.24000549316406,191.55999755859375,189.22999572753906,190.3300018310547,45704800,AAPL
2023-12-04,187.83966064453125,189.42999267578125,190.0500030517578,187.4499969482422,189.97999572753906,43389500,AAPL
2023-12-05,191.7961883544922,193.4199981689453,194.39999389648438,190.17999267578125,190.2100067138672,66628400,AAPL
2023-12-06,190.70542907714844,192.32000732421875,194.75999450683594,192.11000061035156,194.4499969482422,41089700,AAPL
2023-12-07,192.63905334472656,194.27000427246094,195.0,193.58999633789062,193.6300048828125,47477700,AAPL
2023-12-08,194.0669708251953,195.7100067138672,195.99000549316406,193.6699981689453,194.1999969482422,53406400,AAPL
2023-12-11,191.55819702148438,193.17999267578125,193.49000549316406,191.4199981689453,193.11000061035156,60943700,AAPL
2023-12-12,193.07537841796875,194.7100067138672,194.72000122070312,191.72000122070312,193.0800018310547,52696900,AAPL
2023-12-13,196.29808044433594,197.9600067138672,198.0,194.85000610351562,195.08999633789062,70404200,AAPL
2023-12-14,196.4468231201172,198.11000061035156,199.6199951171875,196.16000366210938,198.02000427246094,66831600,AAPL
2023-12-15,195.911376953125,197.57000732421875,198.39999389648438,197.0,197.52999877929688,128538400,AAPL
2023-12-18,194.24545288085938,195.88999938964844,196.6300048828125,194.38999938964844,196.08999633789062,55751900,AAPL
2023-12-19,195.28663635253906,196.94000244140625,196.9499969482422,195.88999938964844,196.16000366210938,40714100,AAPL
2023-12-20,193.19436645507812,194.8300018310547,197.67999267578125,194.8300018310547,196.89999389648438,52242800,AAPL
2023-12-21,193.0455780029297,194.67999267578125,197.0800018310547,193.5,196.10000610351562,46482500,AAPL
2023-12-22,191.9746856689453,193.60000610351562,195.41000366210938,192.97000122070312,195.17999267578125,37149600,AAPL
2023-12-26,191.42929077148438,193.0500030517578,193.88999938964844,192.8300018310547,193.61000061035156,28919300,AAPL
2023-12-27,191.5284423828125,193.14999389648438,193.5,191.08999633789062,192.49000549316406,48087700,AAPL
2023-12-28,191.954833984375,193.5800018310547,194.66000366210938,193.1699981689453,194.13999938964844,34049900,AAPL
2023-12-29,190.9136505126953,192.52999877929688,194.39999389648438,191.72999572753906,193.89999389648438,42672100,AAPL
2024-01-02,184.08151245117188,185.63999938964844,188.44000244140625,183.88999938964844,187.14999389648438,82488700,AAPL
2024-01-03,182.7031707763672,184.25,185.8800048828125,183.42999267578125,184.22000122070312,58414500,AAPL
2024-01-04,180.38282775878906,181.91000366210938,183.08999633789062,180.8800048828125,182.14999389648438,71983600,AAPL
2024-01-05,179.658935546875,181.17999267578125,182.75999450683594,180.1699981689453,181.99000549316406,62379700,AAPL
2024-01-08,184.0021514892578,185.55999755859375,185.60000610351562,181.5,182.08999633789062,59144500,AAPL
2024-01-09,183.585693359375,185.13999938964844,185.14999389648438,182.72999572753906,183.9199981689453,42841800,AAPL
2024-01-10,184.6269073486328,186.19000244140625,186.39999389648438,183.9199981689453,184.35000610351562,46792900,AAPL
2024-01-11,184.03192138671875,185.58999633789062,187.0500030517578,183.6199951171875,186.5399932861328,49128400,AAPL
2024-01-12,184.35916137695312,185.9199981689453,186.74000549316406,185.19000244140625,186.05999755859375,40477800,AAPL
2024-01-16,182.08837890625,183.6300048828125,184.25999450683594,180.92999267578125,182.16000366210938,65603000,AAPL
2024-01-17,181.14633178710938,182.67999267578125,182.92999267578125,180.3000030517578,181.27000427246094,47317400,AAPL
2024-01-18,187.04640197753906,188.6300048828125,189.13999938964844,185.8300018310547,186.08999633789062,78005800,AAPL
2024-01-19,189.95179748535156,191.55999755859375,191.9499969482422,188.82000732421875,189.3300018310547,68903000,AAPL
2024-01-22,192.26222229003906,193.88999938964844,195.3300018310547,192.25999450683594,192.3000030517578,60133900,AAPL
2024-01-23,193.54141235351562,195.17999267578125,195.75,193.8300018310547,195.02000427246094,42355600,AAPL
2024-01-24,192.8671112060547,194.5,196.3800048828125,194.33999633789062,195.4199981689453,53631300,AAPL
2024-01-25,192.53988647460938,194.1699981689453,196.27000427246094,193.11000061035156,195.22000122070312,54822100,AAPL
2024-01-26,190.80459594726562,192.4199981689453,194.75999450683594,191.94000244140625,194.27000427246094,44594000,AAPL
2024-01-29,190.12034606933594,191.72999572753906,192.1999969482422,189.5800018310547,192.00999450683594,47145600,AAPL
2024-01-30,186.46136474609375,188.0399932861328,191.8000030517578,187.47000122070312,190.94000244140625,55859400,AAPL
2024-01-31,182.8519287109375,184.39999389648438,187.10000610351562,184.35000610351562,187.0399932861328,55467800,AAPL
2024-02-01,185.29127502441406,186.86000061035156,186.9499969482422,183.82000732421875,183.99000549316406,64885400,AAPL
2024-02-02,184.2897491455078,185.85000610351562,187.3300018310547,179.25,179.86000061035156,102551700,AAPL
2024-02-05,186.1043701171875,187.67999267578125,189.25,185.83999633789062,188.14999389648438,69668800,AAPL
2024-02-06,187.71080017089844,189.3000030517578,189.30999755859375,186.77000427246094,186.86000061035156,43490800,AAPL
2024-02-07,187.81985473632812,189.41000366210938,191.0500030517578,188.61000061035156,190.63999938964844,53439000,AAPL
2024-02-08,186.739013671875,188.32000732421875,189.5399932861328,187.35000610351562,189.38999938964844,40962000,AAPL
2024-02-09,187.50352478027344,188.85000610351562,189.99000549316406,188.0,188.64999389648438,45155200,AAPL
2024-02-12,185.81564331054688,187.14999389648438,188.6699981689453,186.7899932861328,188.4199981689453,41781900,AAPL
2024-02-13,183.72067260742188,185.0399932861328,186.2100067138672,183.50999450683594,185.77000427246094,56529500,AAPL
2024-02-14,182.83702087402344,184.14999389648438,185.52999877929688,182.44000244140625,185.32000732421875,54630500,AAPL
2024-02-15,182.54910278320312,183.86000061035156,184.49000549316406,181.35000610351562,183.5500030517578,65434500,AAPL
2024-02-16,181.01011657714844,182.30999755859375,184.85000610351562,181.6699981689453,183.4199981689453,49752500,AAPL
2024-02-20,180.26547241210938,181.55999755859375,182.42999267578125,180.0,181.7899932861328,53665600,AAPL
2024-02-21,181.0200653076172,182.32000732421875,182.88999938964844,180.66000366210938,181.94000244140625,41371400,AAPL
2024-02-22,183.05545043945312,184.3699951171875,184.9600067138672,182.4600067138672,183.47999572753906,52292200,AAPL
2024-02-23,181.21864318847656,182.52000427246094,185.0399932861328,182.22999572753906,185.00999450683594,45119700,AAPL
2024-02-26,179.8683624267578,181.16000366210938,182.75999450683594,180.64999389648438,182.24000549316406,40867400,AAPL
2024-02-27,181.32785034179688,182.6300048828125,183.9199981689453,179.55999755859375,181.10000610351562,54318900,AAPL
2024-02-28,180.12648010253906,181.4199981689453,183.1199951171875,180.1300048828125,182.50999450683594,48953900,AAPL
2024-02-29,179.4612579345703,180.75,182.57000732421875,179.52999877929688,181.27000427246094,136682600,AAPL
2024-03-01,178.37904357910156,179.66000366210938,180.52999877929688,177.3800048828125,179.5500030517578,73563100,AAPL
2024-03-04,173.85154724121094,175.10000610351562,176.89999389648438,173.7899932861328,176.14999389648438,81510100,AAPL
2024-03-05,168.9070587158203,170.1199951171875,172.0399932861328,169.6199951171875,170.75999450683594,95132400,AAPL
2024-03-06,167.91416931152344,169.1199951171875,171.24000549316406,168.67999267578125,171.05999755859375,68587700,AAPL
2024-03-07,167.79505920410156,169.0,170.72999572753906,168.49000549316406,169.14999389648438,71765100,AAPL
2024-03-08,169.51271057128906,170.72999572753906,173.6999969482422,168.94000244140625,169.0,76267000,AAPL
2024-03-11,171.518310546875,172.75,174.3800048828125,172.0500030517578,172.94000244140625,60139500,AAPL
2024-03-12,171.99485778808594,173.22999572753906,174.02999877929688,171.00999450683594,173.14999389648438,59825400,AAPL
2024-03-13,169.90985107421875,171.1300048828125,173.19000244140625,170.75999450683594,172.77000427246094,52488700,AAPL
2024-03-14,171.76651000976562,173.0,174.30999755859375,172.0500030517578,172.91000366210938,72913500,AAPL
2024-03-15,171.3892364501953,172.6199951171875,172.6199951171875,170.2899932861328,171.1699981689453,121752700,AAPL
2024-03-18,172.48138427734375,173.72000122070312,177.7100067138672,173.52000427246094,175.57000732421875,75604200,AAPL
2024-03-19,174.8245391845703,176.0800018310547,176.61000061035156,173.02999877929688,174.33999633789062,55215200,AAPL
2024-03-20,177.39608764648438,178.6699981689453,178.6699981689453,175.08999633789062,175.72000122070312,53423100,AAPL
2024-03-21,170.1481475830078,171.3699951171875,177.49000549316406,170.83999633789062,177.0500030517578,106181300,AAPL
2024-03-22,171.05166625976562,172.27999877929688,173.0500030517578,170.05999755859375,171.75999450683594,71160100,AAPL
2024-03-25,169.63185119628906,170.85000610351562,171.94000244140625,169.4499969482422,170.57000732421875,54288300,AAPL
2024-03-26,168.49998474121094,169.7100067138672,171.4199981689453,169.5800018310547,170.0,57388400,AAPL
2024-03-27,172.07431030273438,173.30999755859375,173.60000610351562,170.11000061035156,170.41000366210938,60273300,AAPL
2024-03-28,170.25735473632812,171.47999572753906,172.22999572753906,170.50999450683594,171.75,65672700,AAPL
2024-04-01,168.81768798828125,170.02999877929688,171.25,169.47999572753906,171.19000244140625,46240500,AAPL
2024-04-02,167.63616943359375,168.83999633789062,169.33999633789062,168.22999572753906,169.0800018310547,49329500,AAPL
2024-04-03,168.44039916992188,169.64999389648438,170.67999267578125,168.5800018310547,168.7899932861328,47691700,AAPL
2024-04-04,167.6163330078125,168.82000732421875,171.9199981689453,168.82000732421875,170.2899932861328,53704400,AAPL
2024-04-05,168.3708953857422,169.5800018310547,170.38999938964844,168.9499969482422,169.58999633789062,42104800,AAPL
2024-04-08,167.24896240234375,168.4499969482422,169.1999969482422,168.24000549316406,169.02999877929688,37425500,AAPL
2024-04-09,168.4602508544922,169.6699981689453,170.0800018310547,168.35000610351562,168.6999969482422,42373800,AAPL
2024-04-10,166.58372497558594,167.77999877929688,169.08999633789062,167.11000061035156,168.8000030517578,49709300,AAPL
2024-04-11,173.79197692871094,175.0399932861328,175.4600067138672,168.16000366210938,168.33999633789062,91070300,AAPL
2024-04-12,175.2912139892578,176.5500030517578,178.36000061035156,174.2100067138672,174.25999450683594,101670900,AAPL
2024-04-15,171.45872497558594,172.69000244140625,176.6300048828125,172.5,175.36000061035156,73531800,AAPL
2024-04-16,168.17233276367188,169.3800048828125,173.75999450683594,168.27000427246094,171.75,73711200,AAPL
2024-04-17,166.8021697998047,168.0,170.64999389648438,168.0,169.61000061035156,50901200,AAPL
2024-04-18,165.84902954101562,167.0399932861328,168.63999938964844,166.5500030517578,168.02999877929688,43122900,AAPL
2024-04-19,163.8235626220703,165.0,166.39999389648438,164.0800018310547,166.2100067138672,68149400,AAPL
2024-04-22,164.65756225585938,165.83999633789062,167.25999450683594,164.77000427246094,165.52000427246094,48116400,AAPL
2024-04-23,165.7100067138672,166.89999389648438,167.0500030517578,164.9199981689453,165.35000610351562,49537800,AAPL
2024-04-24,167.8148956298828,169.02000427246094,169.3000030517578,166.2100067138672,166.5399932861328,48251800,AAPL
2024-04-25,168.67869567871094,169.88999938964844,170.61000061035156,168.14999389648438,169.52999877929688,50558300,AAPL
2024-04-26,168.0928955078125,169.3000030517578,171.33999633789062,169.17999267578125,169.8800048828125,44838400,AAPL
2024-04-29,172.26296997070312,173.5,176.02999877929688,173.10000610351562,173.3699951171875,68169400,AAPL
2024-04-30,169.11557006835938,170.3300018310547,174.99000549316406,170.0,173.3300018310547,65934800,AAPL
2024-05-01,168.0928955078125,169.3000030517578,172.7100067138672,169.11000061035156,169.5800018310547,50383100,AAPL
2024-05-02,171.79629516601562,173.02999877929688,173.4199981689453,170.88999938964844,172.50999450683594,94214900,AAPL
2024-05-03,182.072509765625,183.3800048828125,187.0,182.66000366210938,186.64999389648438,163224100,AAPL
2024-05-06,180.41441345214844,181.7100067138672,184.1999969482422,180.4199981689453,182.35000610351562,78569700,AAPL
2024-05-07,181.0994873046875,182.39999389648438,184.89999389648438,181.32000732421875,183.4499969482422,77305800,AAPL
2024-05-08,181.4370574951172,182.74000549316406,183.07000732421875,181.4499969482422,182.85000610351562,45057100,AAPL
2024-05-09,183.25404357910156,184.57000732421875,184.66000366210938,182.11000061035156,182.55999755859375,48983000,AAPL
2024-05-10,181.9913787841797,183.0500030517578,185.08999633789062,182.1300048828125,184.89999389648438,50759500,AAPL
2024-05-13,185.2026824951172,186.27999877929688,187.10000610351562,184.6199951171875,185.44000244140625,72044800,AAPL
2024-05-14,186.34603881835938,187.42999267578125,188.3000030517578,186.2899932861328,187.50999450683594,52393600,AAPL
2024-05-15,188.622802734375,189.72000122070312,190.64999389648438,187.3699951171875,187.91000366210938,70400000,AAPL
2024-05-16,188.74209594726562,189.83999633789062,191.10000610351562,189.66000366210938,190.47000122070312,52845200,AAPL
2024-05-17,188.77194213867188,189.8699951171875,190.80999755859375,189.17999267578125,189.50999450683594,41282900,AAPL
2024-05-20,189.93516540527344,191.0399932861328,191.9199981689453,189.00999450683594,189.3300018310547,44361300,AAPL
2024-05-21,191.2375946044922,192.35000610351562,192.72999572753906,190.9199981689453,191.08999633789062,42309400,AAPL
2024-05-22,189.79595947265625,190.89999389648438,192.82000732421875,190.27000427246094,192.27000427246094,34648500,AAPL
2024-05-23,185.7992401123047,186.8800048828125,191.0,186.6300048828125,190.97999572753906,51005900,AAPL
2024-05-24,188.8813018798828,189.97999572753906,190.5800018310547,188.0399932861328,188.82000732421875,36327000,AAPL
2024-05-28,188.8912353515625,189.99000549316406,193.0,189.10000610351562,191.50999450683594,52280100,AAPL
2024-05-29,189.18951416015625,190.2899932861328,192.25,189.50999450683594,189.61000061035156,53068000,AAPL
2024-05-30,190.18373107910156,191.2899932861328,192.17999267578125,190.6300048828125,190.75999450683594,49889100,AAPL
2024-05-31,191.13816833496094,192.25,192.57000732421875,189.91000366210938,191.44000244140625,75158300,AAPL
2024-06-03,192.90786743164062,194.02999877929688,194.99000549316406,192.52000427246094,192.89999389648438,50080500,AAPL
2024-06-04,193.2260284423828,194.35000610351562,195.32000732421875,193.02999877929688,194.63999938964844,47471400,AAPL
2024-06-05,194.7372283935547,195.8699951171875,196.89999389648438,194.8699951171875,195.39999389648438,54156800,AAPL
2024-06-06,193.3552703857422,194.47999572753906,196.5,194.1699981689453,195.69000244140625,41181800,AAPL
2024-06-07,195.75132751464844,196.88999938964844,196.94000244140625,194.13999938964844,194.64999389648438,53103900,AAPL
2024-06-10,192.0031280517578,193.1199951171875,197.3000030517578,192.14999389648438,196.89999389648438,97010200,AAPL
2024-06-11,205.9519805908203,207.14999389648438,207.16000366210938,193.6300048828125,193.64999389648438,172373300,AAPL
2024-06-12,211.8377685546875,213.07000732421875,220.1999969482422,206.89999389648438,207.3699951171875,198134300,AAPL
2024-06-13,213.0010223388672,214.24000549316406,216.75,211.60000610351562,214.74000549316406,97862700,AAPL
2024-06-14,211.26112365722656,212.49000549316406,215.1699981689453,211.3000030517578,213.85000610351562,70122700,AAPL
2024-06-17,215.4169464111328,216.6699981689453,218.9499969482422,212.72000122070312,213.3699951171875,93728300,AAPL
2024-06-18,213.05068969726562,214.2899932861328,218.6300048828125,213.0,217.58999633789062,79943300,AAPL
2024-06-20,208.4673614501953,209.67999267578125,214.24000549316406,208.85000610351562,213.92999267578125,86172500,AAPL
2024-06-21,206.29005432128906,207.49000549316406,211.88999938964844,207.11000061035156,210.38999938964844,241805100,AAPL
2024-06-24,206.936279296875,208.13999938964844,212.6999969482422,206.58999633789062,207.72000122070312,80727000,AAPL
2024-06-25,207.8608856201172,209.07000732421875,211.3800048828125,208.61000061035156,209.14999389648438,55549700,AAPL
2024-06-26,212.0167236328125,213.25,214.86000061035156,210.63999938964844,211.5,66213200,AAPL
2024-06-27,212.86183166503906,214.10000610351562,215.74000549316406,212.35000610351562,214.69000244140625,49772700,AAPL
2024-06-28,209.40191650390625,210.6199951171875,216.07000732421875,210.3000030517578,215.77000427246094,82542700,AAPL
2024-07-01,215.49647521972656,216.75,217.50999450683594,211.9199981689453,212.08999633789062,60402900,AAPL
2024-07-02,218.99612426757812,220.27000427246094,220.3800048828125,215.10000610351562,216.14999389648438,58046200,AAPL
2024-07-03,220.2687225341797,221.5500030517578,221.5500030517578,219.02999877929688,220.0,37369800,AAPL
2024-07-05,225.031005859375,226.33999633789062,226.4499969482422,221.64999389648438,221.64999389648438,60412400,AAPL
2024-07-08,226.50247192382812,227.82000732421875,227.85000610351562,223.25,227.08999633789062,59085900,AAPL
2024-07-09,227.35748291015625,228.67999267578125,229.39999389648438,226.3699951171875,227.92999267578125,48076100,AAPL
2024-07-10,231.6326141357422,232.97999572753906,233.0800018310547,229.25,229.3000030517578,62627700,AAPL
2024-07-11,226.25392150878906,227.57000732421875,232.38999938964844,225.77000427246094,231.38999938964844,64710600,AAPL
2024-07-12,229.20672607421875,230.5399932861328,232.63999938964844,228.67999267578125,228.9199981689453,53046500,AAPL
2024-07-15,233.04440307617188,234.39999389648438,237.22999572753906,233.08999633789062,236.47999572753906,62631300,AAPL
2024-07-16,233.46197509765625,234.82000732421875,236.27000427246094,232.3300018310547,235.0,43234300,AAPL
2024-07-17,227.55633544921875,228.8800048828125,231.4600067138672,226.63999938964844,229.4499969482422,57345900,AAPL
2024-07-18,222.8834991455078,224.17999267578125,230.44000244140625,222.27000427246094,230.27999877929688,66034600,AAPL
2024-07-19,223.01275634765625,224.30999755859375,226.8000030517578,223.27999877929688,224.82000732421875,49151500,AAPL
2024-07-22,222.664794921875,223.9600067138672,227.77999877929688,223.08999633789062,227.00999450683594,48201800,AAPL
2024-07-23,223.7086944580078,225.00999450683594,226.94000244140625,222.67999267578125,224.3699951171875,39960300,AAPL
2024-07-24,217.276123046875,218.5399932861328,224.8000030517578,217.1300048828125,224.0,61777600,AAPL
2024-07-25,216.23220825195312,217.49000549316406,220.85000610351562,214.6199951171875,218.92999267578125,51391200,AAPL
2024-07-26,216.69947814941406,217.9600067138672,219.49000549316406,216.00999450683594,218.6999969482422,41601300,AAPL
2024-07-29,216.97787475585938,218.24000549316406,219.3000030517578,215.75,216.9600067138672,36311800,AAPL
2024-07-30,217.5346221923828,218.8000030517578,220.3300018310547,216.1199951171875,219.19000244140625,41643800,AAPL
2024-07-31,220.795654296875,222.0800018310547,223.82000732421875,220.6300048828125,221.44000244140625,50036300,AAPL
2024-08-01,217.09716796875,218.36000061035156,224.47999572753906,217.02000427246094,224.3699951171875,62501000,AAPL
2024-08-02,218.5885009765625,219.86000061035156,225.60000610351562,217.7100067138672,219.14999389648438,105568600,AAPL
2024-08-05,208.0597381591797,209.27000427246094,213.5,196.0,199.08999633789062,119548600,AAPL
2024-08-06,206.0315399169922,207.22999572753906,209.99000549316406,201.07000732421875,205.3000030517578,69660500,AAPL
2024-08-07,208.60655212402344,209.82000732421875,213.63999938964844,206.38999938964844,206.89999389648438,63516400,AAPL
2024-08-08,212.0763702392578,213.30999755859375,214.1999969482422,208.8300018310547,213.11000061035156,47161100,AAPL
2024-08-09,214.98944091796875,216.24000549316406,216.77999877929688,211.97000122070312,212.10000610351562,42201600,AAPL
2024-08-12,216.52230834960938,217.52999877929688,219.50999450683594,215.60000610351562,216.07000732421875,38028100,AAPL
2024-08-13,220.24497985839844,221.27000427246094,221.88999938964844,219.00999450683594,219.00999450683594,44155300,AAPL
2024-08-14,220.69288635253906,221.72000122070312,223.02999877929688,219.6999969482422,220.57000732421875,41960600,AAPL
2024-08-15,223.67898559570312,224.72000122070312,225.35000610351562,222.75999450683594,224.60000610351562,46414000,AAPL
2024-08-16,225.00283813476562,226.0500030517578,226.8300018310547,223.64999389648438,223.9199981689453,44340200,AAPL
2024-08-19,224.8435821533203,225.88999938964844,225.99000549316406,223.0399932861328,225.72000122070312,40687800,AAPL
2024-08-20,225.46070861816406,226.50999450683594,227.1699981689453,225.4499969482422,225.77000427246094,30299000,AAPL
2024-08-21,225.3511962890625,226.39999389648438,227.97999572753906,225.0500030517578,226.52000427246094,34765500,AAPL
2024-08-22,223.4898681640625,224.52999877929688,228.33999633789062,223.89999389648438,227.7899932861328,43695300,AAPL
2024-08-23,225.78916931152344,226.83999633789062,228.22000122070312,224.3300018310547,225.66000366210938,38677300,AAPL
2024-08-26,226.12757873535156,227.17999267578125,227.27999877929688,223.88999938964844,226.75999450683594,30602200,AAPL
2024-08-27,226.97364807128906,228.02999877929688,228.85000610351562,224.88999938964844,226.0,35934600,AAPL
2024-08-28,225.44078063964844,226.49000549316406,229.86000061035156,225.67999267578125,227.9199981689453,38052200,AAPL
2024-08-29,228.7255096435547,229.7899932861328,232.9199981689453,228.8800048828125,230.10000610351562,51906300,AAPL
2024-08-30,227.93917846679688,229.0,230.39999389648438,227.47999572753906,230.19000244140625,52990800,AAPL
2024-09-03,221.73802185058594,222.77000427246094,229.0,221.1699981689453,228.5500030517578,50190600,AAPL
2024-09-04,219.82691955566406,220.85000610351562,221.77999877929688,217.47999572753906,221.66000366210938,43840200,AAPL
2024-09-05,221.34982299804688,222.3800048828125,225.47999572753906,221.52000427246094,221.6300048828125,36615400,AAPL
2024-09-06,219.7970733642578,220.82000732421875,225.24000549316406,219.77000427246094,223.9499969482422,48423000,AAPL
2024-09-09,219.88662719726562,220.91000366210938,221.27000427246094,216.7100067138672,220.82000732421875,67180000,AAPL
2024-09-10,219.09036254882812,220.11000061035156,221.47999572753906,216.72999572753906,218.9199981689453,51591000,AAPL
2024-09-11,221.62852478027344,222.66000366210938,223.08999633789062,217.88999938964844,221.4600067138672,44587100,AAPL
2024-09-12,221.73802185058594,222.77000427246094,223.5500030517578,219.82000732421875,222.5,37455600,AAPL
2024-09-13,221.4692840576172,222.5,224.0399932861328,221.91000366210938,223.5800018310547,36766600,AAPL
2024-09-16,215.31790161132812,216.32000732421875,217.22000122070312,213.9199981689453,216.5399932861328,59357400,AAPL
2024-09-17,215.78570556640625,216.7899932861328,216.89999389648438,214.5,215.75,45519300,AAPL
2024-09-18,219.66766357421875,220.69000244140625,222.7100067138672,217.5399932861328,217.5500030517578,59894900,AAPL
2024-09-19,227.8097686767578,228.8699951171875,229.82000732421875,224.6300048828125,224.99000549316406,66781300,AAPL
2024-09-20,227.1428680419922,228.1999969482422,233.08999633789062,227.6199951171875,229.97000122070312,318679900,AAPL
2024-09-23,225.42088317871094,226.47000122070312,229.4499969482422,225.80999755859375,227.33999633789062,54146000,AAPL
2024-09-24,226.31671142578125,227.3699951171875,229.35000610351562,225.72999572753906,228.64999389648438,43556100,AAPL
2024-09-25,225.32135009765625,226.3699951171875,227.2899932861328,224.02000427246094,224.92999267578125,42308700,AAPL
2024-09-26,226.4660186767578,227.52000427246094,228.5,225.41000366210938,227.3000030517578,36636700,AAPL
2024-09-27,226.73475646972656,227.7899932861328,229.52000427246094,227.3000030517578,228.4600067138672,34026000,AAPL
2024-09-30,231.92063903808594,233.0,233.0,229.64999389648438,230.0399932861328,54541900,AAPL
2024-10-01,225.16209411621094,226.2100067138672,229.64999389648438,223.74000549316406,229.52000427246094,63285000,AAPL
2024-10-02,225.72946166992188,226.77999877929688,227.3699951171875,223.02000427246094,225.88999938964844,32880600,AAPL
2024-10-03,224.6245880126953,225.6699981689453,226.80999755859375,223.32000732421875,225.13999938964844,34044200,AAPL
2024-10-04,225.74935913085938,226.8000030517578,228.0,224.1300048828125,227.89999389648438,37245100,AAPL
2024-10-07,220.6630401611328,221.69000244140625,225.69000244140625,221.3300018310547,224.5,39505400,AAPL
2024-10-08,224.72413635253906,225.77000427246094,225.97999572753906,223.25,224.3000030517578,31855700,AAPL
2024-10-09,228.47666931152344,229.5399932861328,229.75,224.8300018310547,225.22999572753906,33591100,AAPL
2024-10-10,227.97898864746094,229.0399932861328,229.5,227.1699981689453,227.77999877929688,28183500,AAPL
2024-10-11,226.4958953857422,227.5500030517578,229.41000366210938,227.33999633789062,229.3000030517578,31759200,AAPL
2024-10-14,230.228515625,231.3000030517578,231.72999572753906,228.60000610351562,228.6999969482422,39882100,AAPL
2024-10-15,232.76669311523438,233.85000610351562,237.49000549316406,232.3699951171875,233.61000061035156,64751400,AAPL
2024-10-16,230.70628356933594,231.77999877929688,232.1199951171875,229.83999633789062,231.60000610351562,34082200,AAPL
2024-10-17,231.07456970214844,232.14999389648438,233.85000610351562,230.52000427246094,233.42999267578125,32993800,AAPL
2024-10-18,233.91136169433594,235.0,236.17999267578125,234.00999450683594,236.17999267578125,46431500,AAPL
2024-10-21,235.384521484375,236.47999572753906,236.85000610351562,234.4499969482422,234.4499969482422,36254500,AAPL
2024-10-22,234.76739501953125,235.86000061035156,236.22000122070312,232.60000610351562,233.88999938964844,38846600,AAPL
2024-10-23,229.69100952148438,230.75999450683594,235.13999938964844,227.75999450683594,234.0800018310547,52287000,AAPL
2024-10-24,229.5019073486328,230.57000732421875,230.82000732421875,228.41000366210938,229.97999572753906,31109500,AAPL
2024-10-25,230.33799743652344,231.41000366210938,233.22000122070312,229.57000732421875,229.74000549316406,38802300,AAPL
2024-10-28,232.31878662109375,233.39999389648438,234.72999572753906,232.5500030517578,233.32000732421875,36087100,AAPL
2024-10-29,232.58753967285156,233.6699981689453,234.3300018310547,232.32000732421875,233.10000610351562,35417200,AAPL
2024-10-30,229.0340576171875,230.10000610351562,233.47000122070312,229.5500030517578,232.61000061035156,47070900,AAPL
2024-10-31,224.8634796142578,225.91000366210938,229.8300018310547,225.3699951171875,229.33999633789062,64370100,AAPL
2024-11-01,221.8773651123047,222.91000366210938,225.35000610351562,220.27000427246094,220.97000122070312,65276700,AAPL
2024-11-04,220.98153686523438,222.00999450683594,222.7899932861328,219.7100067138672,220.99000549316406,44944500,AAPL
2024-11-05,222.4148712158203,223.4499969482422,223.9499969482422,221.13999938964844,221.8000030517578,28111300,AAPL
2024-11-06,221.68824768066406,222.72000122070312,226.07000732421875,221.19000244140625,222.61000061035156,54561100,AAPL
2024-11-07,226.42620849609375,227.47999572753906,227.8800048828125,224.57000732421875,224.6300048828125,42137700,AAPL
2024-11-08,226.15716552734375,226.9600067138672,228.66000366210938,226.41000366210938,227.1699981689453,38328800,AAPL
2024-11-11,223.4368133544922,224.22999572753906,225.6999969482422,221.5,225.0,42005600,AAPL
2024-11-12,223.4368133544922,224.22999572753906,225.58999633789062,223.36000061035156,224.5500030517578,40398300,AAPL
2024-11-13,224.32366943359375,225.1199951171875,226.64999389648438,222.75999450683594,224.00999450683594,48566200,AAPL
2024-11-14,227.4127197265625,228.22000122070312,228.8699951171875,225.0,225.02000427246094,44923900,AAPL
2024-11-15,224.20408630371094,225.0,226.9199981689453,224.27000427246094,226.39999389648438,47923700,AAPL
2024-11-18,227.21340942382812,228.02000427246094,229.74000549316406,225.1699981689453,225.25,44633700,AAPL
2024-11-19,227.4724884033203,228.27999877929688,230.16000366210938,226.66000366210938,226.97999572753906,36211800,AAPL
2024-11-20,228.18994140625,229.0,229.92999267578125,225.88999938964844,228.05999755859375,35169600,AAPL
2024-11-21,227.71163940429688,228.52000427246094,230.16000366210938,225.7100067138672,228.8800048828125,42108300,AAPL
2024-11-22,229.05685424804688,229.8699951171875,230.72000122070312,228.05999755859375,228.05999755859375,38168300,AAPL
2024-11-25,232.04624938964844,232.8699951171875,233.25,229.74000549316406,231.4600067138672,90152800,AAPL
2024-11-26,234.22850036621094,235.05999755859375,235.57000732421875,233.3300018310547,233.3300018310547,45986200,AAPL
2024-11-27,234.09896850585938,234.92999267578125,235.69000244140625,233.80999755859375,234.47000122070312,33498400,AAPL
2024-11-29,236.490478515625,237.3300018310547,237.80999755859375,233.97000122070312,234.80999755859375,28481400,AAPL
2024-12-02,238.7424774169922,239.58999633789062,240.7899932861328,237.16000366210938,237.27000427246094,48137100,AAPL
2024-12-03,241.79165649414062,242.64999389648438,242.75999450683594,238.89999389648438,239.80999755859375,38861000,AAPL
2024-12-04,242.150390625,243.00999450683594,244.11000061035156,241.25,242.8699951171875,44383900,AAPL
2024-12-05,242.18026733398438,243.0399932861328,244.5399932861328,242.1300048828125,243.99000549316406,40033900,AAPL
2024-12-06,241.98097229003906,242.83999633789062,244.6300048828125,242.0800018310547,242.91000366210938,36870600,AAPL
2024-12-09,245.8771514892578,246.75,247.24000549316406,241.75,241.8300018310547,44649200,AAPL
2024-12-10,246.8935546875,247.77000427246094,248.2100067138672,245.33999633789062,246.88999938964844,36914800,AAPL
2024-12-11,245.61807250976562,246.49000549316406,250.8000030517578,246.25999450683594,247.9600067138672,45205800,AAPL
2024-12-12,247.0828857421875,247.9600067138672,248.74000549316406,245.67999267578125,246.88999938964844,32777500,AAPL
2024-12-13,247.2522735595703,248.1300048828125,249.2899932861328,246.24000549316406,247.82000732421875,33155300,AAPL
2024-12-16,250.15196228027344,251.0399932861328,251.3800048828125,247.64999389648438,247.99000549316406,51694800,AAPL
2024-12-17,252.58334350585938,253.47999572753906,253.8300018310547,249.77999877929688,250.0800018310547,51356400,AAPL
2024-12-18,247.1725616455078,248.0500030517578,254.27999877929688,247.74000549316406,252.16000366210938,56774100,AAPL
2024-12-19,248.90640258789062,249.7899932861328,252.0,247.08999633789062,247.5,60882300,AAPL
2024-12-20,253.5897979736328,254.49000549316406,255.0,245.69000244140625,248.0399932861328,147495300,AAPL
2024-12-23,254.36703491210938,255.27000427246094,255.64999389648438,253.4499969482422,254.77000427246094,40858800,AAPL
2024-12-24,257.28668212890625,258.20001220703125,258.2099914550781,255.2899932861328,255.49000549316406,23234700,AAPL
2024-12-26,258.1037292480469,259.0199890136719,260.1000061035156,257.6300048828125,258.19000244140625,27237100,AAPL
2024-12-27,254.68588256835938,255.58999633789062,258.70001220703125,253.05999755859375,257.8299865722656,42355300,AAPL
2024-12-30,251.30787658691406,252.1999969482422,253.5,250.75,252.22999572753906,35557500,AAPL
2024-12-31,249.5341796875,250.4199981689453,253.27999877929688,249.42999267578125,252.44000244140625,39480700,AAPL
2025-01-02,242.9874267578125,243.85000610351562,249.10000610351562,241.82000732421875,248.92999267578125,55740700,AAPL
2025-01-03,242.49916076660156,243.36000061035156,244.17999267578125,241.88999938964844,243.36000061035156,40244100,AAPL
2025-01-06,244.1333465576172,245.0,247.3300018310547,243.1999969482422,244.30999755859375,45045600,AAPL
2025-01-07,241.3532257080078,242.2100067138672,245.5500030517578,241.35000610351562,242.97999572753906,40856000,AAPL
2025-01-08,241.84146118164062,242.6999969482422,243.7100067138672,240.0500030517578,241.9199981689453,37628900,AAPL
2025-01-10,236.01217651367188,236.85000610351562,240.16000366210938,233.0,240.00999450683594,61710900,AAPL
2025-01-13,233.5708465576172,234.39999389648438,234.6699981689453,229.72000122070312,233.52999877929688,49630700,AAPL
2025-01-14,232.45480346679688,233.27999877929688,236.1199951171875,232.47000122070312,234.75,39435300,AAPL
2025-01-15,237.02854919433594,237.8699951171875,238.9600067138672,234.42999267578125,234.63999938964844,39832000,AAPL
2025-01-16,227.4525604248047,228.25999450683594,238.00999450683594,228.02999877929688,237.35000610351562,71759100,AAPL
2025-01-17,229.16647338867188,229.97999572753906,232.2899932861328,228.47999572753906,232.1199951171875,68488300,AAPL
2025-01-21,221.85243225097656,222.63999938964844,224.4199981689453,219.3800048828125,224.0,98070400,AAPL
2025-01-22,223.03822326660156,223.8300018310547,224.1199951171875,219.7899932861328,219.7899932861328,64126500,AAPL
2025-01-23,222.8688507080078,223.66000366210938,227.02999877929688,222.3000030517578,224.74000549316406,60234800,AAPL
2025-01-24,221.991943359375,222.77999877929688,225.6300048828125,221.41000366210938,224.77999877929688,54697900,AAPL
2025-01-27,229.04689025878906,229.86000061035156,232.14999389648438,223.97999572753906,224.02000427246094,94863400,AAPL
2025-01-28,237.4171905517578,238.25999450683594,240.19000244140625,230.80999755859375,230.85000610351562,75707600,AAPL
2025-01-29,238.5133056640625,239.36000061035156,239.86000061035156,234.00999450683594,234.1199951171875,45486100,AAPL
2025-01-30,236.74954223632812,237.58999633789062,240.7899932861328,237.2100067138672,238.6699981689453,55658300,AAPL
2025-01-31,235.16519165039062,236.0,247.19000244140625,233.44000244140625,247.19000244140625,100959800,AAPL
2025-02-03,227.2034454345703,228.00999450683594,231.8300018310547,225.6999969482422,229.99000549316406,73063300,AAPL
2025-02-04,231.97650146484375,232.8000030517578,233.1300048828125,226.64999389648438,227.25,45067300,AAPL
2025-02-05,231.64767456054688,232.47000122070312,232.6699981689453,228.27000427246094,228.52999877929688,39620300,AAPL
2025-02-06,232.39501953125,233.22000122070312,233.8000030517578,230.42999267578125,231.2899932861328,29925300,AAPL
2025-02-07,226.8247833251953,227.6300048828125,234.0,227.25999450683594,232.60000610351562,39707200,AAPL
2025-02-10,227.0941162109375,227.64999389648438,230.58999633789062,227.1999969482422,229.57000732421875,33115600,AAPL
2025-02-11,232.052001953125,232.6199951171875,235.22999572753906,228.1300048828125,228.1999969482422,53718400,AAPL
2025-02-12,236.29161071777344,236.8699951171875,236.9600067138672,230.67999267578125,231.1999969482422,45243300,AAPL
2025-02-13,240.94024658203125,241.52999877929688,242.33999633789062,235.57000732421875,236.91000366210938,53614100,AAPL
2025-02-14,244.00274658203125,244.60000610351562,245.5500030517578,240.99000549316406,241.25,40896200,AAPL
2025-02-18,243.87306213378906,244.47000122070312,245.17999267578125,241.83999633789062,244.14999389648438,48822500,AAPL
2025-02-19,244.27207946777344,244.8699951171875,246.00999450683594,243.16000366210938,244.66000366210938,32204200,AAPL
2025-02-20,245.229736328125,245.8300018310547,246.77999877929688,244.2899932861328,244.94000244140625,32316900,AAPL
2025-02-21,244.95042419433594,245.5500030517578,248.69000244140625,245.22000122070312,245.9499969482422,53197400,AAPL
2025-02-24,246.49664306640625,247.10000610351562,248.86000061035156,244.4199981689453,244.92999267578125,51326400,AAPL
2025-02-25,246.43678283691406,247.0399932861328,250.0,244.91000366210938,248.0,48013300,AAPL
2025-02-26,239.77308654785156,240.36000061035156,244.97999572753906,239.1300048828125,244.3300018310547,44433600,AAPL
2025-02-27,236.72056579589844,237.3000030517578,242.4600067138672,237.05999755859375,239.41000366210938,41153600,AAPL
2025-02-28,241.24948120117188,241.83999633789062,242.08999633789062,230.1999969482422,236.9499969482422,56833400,AAPL
2025-03-03,237.4487762451172,238.02999877929688,244.02999877929688,236.11000061035156,241.7899932861328,47184000,AAPL
2025-03-04,235.35391235351562,235.92999267578125,240.07000732421875,234.67999267578125,237.7100067138672,53798100,AAPL
2025-03-05,235.1643829345703,235.74000549316406,236.5500030517578,229.22999572753906,235.4199981689453,47227600,AAPL
2025-03-06,234.75538635253906,235.3300018310547,237.86000061035156,233.16000366210938,234.44000244140625,45170400,AAPL
2025-03-07,238.4862518310547,239.07000732421875,241.3699951171875,234.75999450683594,235.11000061035156,46273600,AAPL
2025-03-10,226.92454528808594,227.47999572753906,236.16000366210938,224.22000122070312,235.5399932861328,72071200,AAPL
2025-03-11,220.30076599121094,220.83999633789062,225.83999633789062,217.4499969482422,223.80999755859375,76137400,AAPL
2025-03-12,216.45018005371094,216.97999572753906,221.75,214.91000366210938,220.13999938964844,62547500,AAPL
2025-03-13,209.1680145263672,209.67999267578125,216.83999633789062,208.4199981689453,215.9499969482422,61368300,AAPL
2025-03-14,212.96871948242188,213.49000549316406,213.9499969482422,209.5800018310547,211.25,60107600,AAPL
2025-03-17,213.4774627685547,214.0,215.22000122070312,209.97000122070312,213.30999755859375,48073400,AAPL
2025-03-18,212.170654296875,212.69000244140625,215.14999389648438,211.49000549316406,214.16000366210938,42432400,AAPL
2025-03-19,214.7144317626953,215.24000549316406,218.75999450683594,213.75,214.22000122070312,54385400,AAPL
2025-03-20,213.5772247314453,214.10000610351562,217.49000549316406,212.22000122070312,213.99000549316406,48862900,AAPL
2025-03-21,217.73703002929688,218.27000427246094,218.83999633789062,211.27999877929688,211.55999755859375,94127800,AAPL
2025-03-24,220.19102478027344,220.72999572753906,221.47999572753906,218.5800018310547,221.0,44299500,AAPL
2025-03-25,223.2036590576172,223.75,224.10000610351562,220.0800018310547,220.77000427246094,34493600,AAPL
2025-03-26,220.9890594482422,221.52999877929688,225.02000427246094,220.47000122070312,223.50999450683594,34466100,AAPL
2025-03-27,223.30340576171875,223.85000610351562,224.99000549316406,220.55999755859375,221.38999938964844,37094800,AAPL
2025-03-28,217.36793518066406,217.89999389648438,223.80999755859375,217.67999267578125,221.6699981689453,39818600,AAPL
2025-03-31,221.58761596679688,222.1300048828125,225.6199951171875,216.22999572753906,217.00999450683594,65299300,AAPL
2025-04-01,222.64501953125,223.19000244140625,223.67999267578125,218.89999389648438,219.80999755859375,36412700,AAPL
2025-04-02,223.3433074951172,223.88999938964844,225.19000244140625,221.02000427246094,221.32000732421875,35905900,AAPL
2025-04-03,202.69386291503906,203.19000244140625,207.49000549316406,201.25,205.5399932861328,103419000,AAPL
2025-04-04,187.92002868652344,188.3800048828125,199.8800048828125,187.33999633789062,193.88999938964844,125910900,AAPL
2025-04-07,181.0169219970703,181.4600067138672,194.14999389648438,174.6199951171875,177.1999969482422,160466300,AAPL
2025-04-08,171.99899291992188,172.4199981689453,190.33999633789062,169.2100067138672,186.6999969482422,120859500,AAPL
2025-04-09,198.3644561767578,198.85000610351562,200.61000061035156,171.88999938964844,171.9499969482422,184395900,AAPL
2025-04-10,189.95504760742188,190.4199981689453,194.77999877929688,183.0,189.07000732421875,121880000,AAPL
2025-04-11,197.66615295410156,198.14999389648438,199.5399932861328,186.05999755859375,186.10000610351562,87435900,AAPL
2025-04-14,202.02549743652344,202.52000427246094,212.94000244140625,201.16000366210938,211.44000244140625,101352900,AAPL
2025-04-15,201.64642333984375,202.13999938964844,203.50999450683594,199.8000030517578,201.86000061035156,51343900,AAPL
2025-04-16,193.79563903808594,194.27000427246094,200.6999969482422,192.3699951171875,198.36000061035156,59732400,AAPL
2025-04-17,196.4990234375,196.97999572753906,198.8300018310547,194.4199981689453,197.1999969482422,52164700,AAPL
2025-04-21,192.68833923339844,193.16000366210938,193.8000030517578,189.80999755859375,193.27000427246094,46742500,AAPL
2025-04-22,199.25228881835938,199.74000549316406,201.58999633789062,195.97000122070312,196.1199951171875,52976400,AAPL
2025-04-23,204.10043334960938,204.60000610351562,208.0,202.8000030517578,206.0,52929200,AAPL
2025-04-24,207.8612060546875,208.3699951171875,208.8300018310547,202.94000244140625,204.88999938964844,47311000,AAPL
2025-04-25,208.76898193359375,209.27999877929688,209.75,206.1999969482422,206.3699951171875,38222300,AAPL
2025-04-28,209.62689208984375,210.13999938964844,211.5,207.4600067138672,210.0,38743100,AAPL
2025-04-29,210.69427490234375,211.2100067138672,212.24000549316406,208.3699951171875,208.69000244140625,36827600,AAPL
2025-04-30,211.9811248779297,212.5,213.5800018310547,206.6699981689453,209.3000030517578,52286500,AAPL
2025-05-01,212.79913330078125,213.32000732421875,214.55999755859375,208.89999389648438,209.0800018310547,57365700,AAPL
2025-05-02,204.8485870361328,205.35000610351562,206.99000549316406,202.16000366210938,206.08999633789062,101010600,AAPL
2025-05-05,198.40435791015625,198.88999938964844,204.10000610351562,198.2100067138672,203.10000610351562,69018500,AAPL
2025-05-06,198.0252685546875,198.50999450683594,200.64999389648438,197.02000427246094,198.2100067138672,51216500,AAPL
2025-05-07,195.7707977294922,196.25,199.44000244140625,193.25,199.1699981689453,68536700,AAPL
2025-05-08,197.00778198242188,197.49000549316406,200.0500030517578,194.67999267578125,197.72000122070312,50478900,AAPL
2025-05-09,198.0452423095703,198.52999877929688,200.5399932861328,197.5399932861328,199.0,36453900,AAPL
2025-05-12,210.55104064941406,210.7899932861328,211.27000427246094,206.75,210.97000122070312,63775800,AAPL
2025-05-13,212.68861389160156,212.92999267578125,213.39999389648438,209.0,210.42999267578125,51909300,AAPL
2025-05-14,212.08929443359375,212.3300018310547,213.94000244140625,210.5800018310547,212.42999267578125,49325800,AAPL
2025-05-15,211.21029663085938,211.4499969482422,212.9600067138672,209.5399932861328,210.9499969482422,45029500,AAPL
2025-05-16,211.0205078125,211.25999450683594,212.57000732421875,209.77000427246094,212.36000061035156,54737900,AAPL
2025-05-19,208.54331970214844,208.77999877929688,209.47999572753906,204.25999450683594,207.91000366210938,46140500,AAPL
2025-05-20,206.62550354003906,206.86000061035156,208.47000122070312,205.02999877929688,207.6699981689453,42496600,AAPL
2025-05-21,201.86090087890625,202.08999633789062,207.0399932861328,200.7100067138672,205.1699981689453,59211800,AAPL
2025-05-22,201.13172912597656,201.36000061035156,202.75,199.6999969482422,200.7100067138672,46742400,AAPL
2025-05-23,195.04864501953125,195.27000427246094,197.6999969482422,193.4600067138672,193.6699981689453,78432900,AAPL
2025-05-27,199.98304748535156,200.2100067138672,200.74000549316406,197.42999267578125,198.3000030517578,56288500,AAPL
2025-05-28,200.1927947998047,200.4199981689453,202.72999572753906,199.89999389648438,200.58999633789062,45339700,AAPL
2025-05-29,199.72332763671875,199.9499969482422,203.80999755859375,198.50999450683594,203.5800018310547,51396800,AAPL
2025-05-30,200.622314453125,200.85000610351562,201.9600067138672,196.77999877929688,199.3699951171875,70819900,AAPL
2025-06-02,201.47134399414062,201.6999969482422,202.1300048828125,200.1199951171875,200.27999877929688,35423300,AAPL
2025-06-03,203.03956604003906,203.27000427246094,203.77000427246094,200.9600067138672,201.35000610351562,46381600,AAPL
2025-06-04,202.590087890625,202.82000732421875,206.24000549316406,202.10000610351562,202.91000366210938,43604000,AAPL
2025-06-05,200.40257263183594,200.6300048828125,204.75,200.14999389648438,203.5,55126100,AAPL
2025-06-06,203.68882751464844,203.9199981689453,205.6999969482422,202.0500030517578,203.0,46607700,AAPL
2025-06-09,201.2216339111328,201.4499969482422,206.0,200.02000427246094,204.38999938964844,72862600,AAPL
2025-06-10,202.44024658203125,202.6699981689453,204.35000610351562,200.57000732421875,200.60000610351562,54672600,AAPL
2025-06-11,198.55465698242188,198.77999877929688,204.5,198.41000366210938,203.5,60989900,AAPL
2025-06-12,198.97418212890625,199.1999969482422,199.67999267578125,197.36000061035156,199.0800018310547,43904600,AAPL
2025-06-13,196.227294921875,196.4499969482422,200.3699951171875,195.6999969482422,199.72999572753906,51447300,AAPL
2025-06-16,198.195068359375,198.4199981689453,198.69000244140625,196.55999755859375,197.3000030517578,43020700,AAPL
2025-06-17,195.418212890625,195.63999938964844,198.38999938964844,195.2100067138672,197.1999969482422,38856200,AAPL
2025-06-18,196.35714721679688,196.5800018310547,197.57000732421875,195.07000732421875,195.94000244140625,45394700,AAPL
2025-06-20,200.7721405029297,201.0,201.6999969482422,196.86000061035156,198.24000549316406,96813500,AAPL
2025-06-23,201.27157592773438,201.5,202.3000030517578,198.9600067138672,201.6300048828125,55814300,AAPL
2025-06-24,200.07293701171875,200.3000030517578,203.44000244140625,200.1999969482422,202.58999633789062,54064000,AAPL
2025-06-25,201.33151245117188,201.55999755859375,203.6699981689453,200.6199951171875,201.4499969482422,39525700,AAPL
2025-06-26,200.7721405029297,201.0,202.63999938964844,199.4600067138672,201.42999267578125,50799100,AAPL
2025-06-27,200.85205078125,201.0800018310547,203.22000122070312,200.0,201.88999938964844,73188600,AAPL
2025-06-30,204.93740844726562,205.1699981689453,207.38999938964844,199.25999450683594,202.00999450683594,91912800,AAPL
2025-07-01,207.58441162109375,207.82000732421875,210.19000244140625,206.13999938964844,206.6699981689453,78788900,AAPL
2025-07-02,212.1991729736328,212.44000244140625,213.33999633789062,208.13999938964844,208.91000366210938,67941800,AAPL
2025-07-03,213.30792236328125,213.5500030517578,214.64999389648438,211.80999755859375,212.14999389648438,34955800,AAPL
2025-07-07,209.7119903564453,209.9499969482422,216.22999572753906,208.8000030517578,212.67999267578125,50229000,AAPL
2025-07-08,209.7719268798828,210.00999450683594,211.42999267578125,208.4499969482422,210.10000610351562,42848900,AAPL
2025-07-09,210.90065002441406,211.13999938964844,211.3300018310547,207.22000122070312,209.52999877929688,48749400,AAPL
2025-07-10,212.16920471191406,212.41000366210938,213.47999572753906,210.02999877929688,210.50999450683594,44443600,AAPL
2025-07-11,210.92062377929688,211.16000366210938,212.1300048828125,209.86000061035156,210.57000732421875,39765800,AAPL
2025-07-14,208.3834991455078,208.6199951171875,210.91000366210938,207.5399932861328,209.92999267578125,38840100,AAPL
2025-07-15,208.87295532226562,209.11000061035156,211.88999938964844,208.9199981689453,209.22000122070312,42296300,AAPL
2025-07-16,209.92176818847656,210.16000366210938,212.39999389648438,208.63999938964844,210.3000030517578,47490500,AAPL
2025-07-17,209.78192138671875,210.02000427246094,211.8000030517578,209.58999633789062,210.57000732421875,48068100,AAPL
2025-07-18,210.9405975341797,211.17999267578125,211.7899932861328,209.6999969482422,210.8699951171875,48974600,AAPL
2025-07-21,212.23912048339844,212.47999572753906,215.77999877929688,211.6300048828125,212.10000610351562,51377400,AAPL
2025-07-22,214.15695190429688,214.39999389648438,214.9499969482422,212.22999572753906,213.13999938964844,46404100,AAPL
2025-07-23,213.9072265625,214.14999389648438,215.14999389648438,212.41000366210938,215.0,46989300,AAPL
2025-07-24,213.51766967773438,213.75999450683594,215.69000244140625,213.52999877929688,213.89999389648438,46022600,AAPL
2025-07-25,213.63754272460938,213.8800048828125,215.24000549316406,213.39999389648438,214.6999969482422,40268800,AAPL
2025-07-28,213.80735778808594,214.0500030517578,214.85000610351562,213.05999755859375,214.02999877929688,37858000,AAPL
2025-07-29,211.03050231933594,211.27000427246094,214.80999755859375,210.82000732421875,214.17999267578125,51411700,AAPL
2025-07-30,208.81301879882812,209.0500030517578,212.38999938964844,207.72000122070312,211.89999389648438,45512500,AAPL
2025-07-31,207.33470153808594,207.57000732421875,209.83999633789062,207.16000366210938,208.49000549316406,80698400,AAPL
2025-08-01,202.1505889892578,202.3800048828125,213.5800018310547,201.5,210.8699951171875,104434500,AAPL
2025-08-04,203.11949157714844,203.35000610351562,207.8800048828125,201.67999267578125,204.50999450683594,75109300,AAPL
2025-08-05,202.68995666503906,202.9199981689453,205.33999633789062,202.16000366210938,203.39999389648438,44155100,AAPL
2025-08-06,213.0082550048828,213.25,215.3800048828125,205.58999633789062,205.6300048828125,108483100,AAPL
2025-08-07,219.7805633544922,220.02999877929688,220.85000610351562,216.5800018310547,218.8800048828125,90224800,AAPL
2025-08-08,229.0900115966797,229.35000610351562,231.0,219.25,220.8300018310547,113854000,AAPL
2025-08-11,227.17999267578125,227.17999267578125,229.55999755859375,224.75999450683594,227.9199981689453,61806100,AAPL
2025-08-12,229.64999389648438,229.64999389648438,230.8000030517578,227.07000732421875,228.00999450683594,55626200,AAPL
2025-08-13,233.3300018310547,233.3300018310547,235.0,230.42999267578125,231.07000732421875,69878500,AAPL
2025-08-14,232.77999877929688,232.77999877929688,235.1199951171875,230.85000610351562,234.05999755859375,51916300,AAPL
2025-08-15,231.58999633789062,231.58999633789062,234.27999877929688,229.33999633789062,234.0,56038700,AAPL
2025-08-18,230.88999938964844,230.88999938964844,233.1199951171875,230.11000061035156,231.6999969482422,37476200,AAPL
2025-08-19,230.55999755859375,230.55999755859375,232.8699951171875,229.35000610351562,231.27999877929688,39402600,AAPL
2025-08-20,226.00999450683594,226.00999450683594,230.47000122070312,225.77000427246094,229.97999572753906,42263900,AAPL
2025-08-21,224.89999389648438,224.89999389648438,226.52000427246094,223.77999877929688,226.27000427246094,30621200,AAPL
2025-08-22,227.75999450683594,227.75999450683594,229.08999633789062,225.41000366210938,226.1699981689453,42477800,AAPL
2025-08-25,227.16000366210938,227.16000366210938,229.3000030517578,226.22999572753906,226.47999572753906,30983100,AAPL
2025-08-26,229.30999755859375,229.30999755859375,229.49000549316406,224.69000244140625,226.8699951171875,54575100,AAPL
2025-08-27,230.49000549316406,230.49000549316406,230.89999389648438,228.25999450683594,228.61000061035156,31259500,AAPL
2025-08-28,232.55999755859375,232.55999755859375,233.41000366210938,229.33999633789062,230.82000732421875,38074700,AAPL
2025-08-29,232.13999938964844,232.13999938964844,233.3800048828125,231.3699951171875,232.50999450683594,39418400,AAPL
2025-09-02,229.72000122070312,229.72000122070312,230.85000610351562,226.97000122070312,229.25,44075600,AAPL
2025-09-03,238.47000122070312,238.47000122070312,238.85000610351562,234.36000061035156,237.2100067138672,66427800,AAPL
2025-09-04,239.77999877929688,239.77999877929688,239.89999389648438,236.74000549316406,238.4499969482422,47549400,AAPL
2025-09-05,239.69000244140625,239.69000244140625,241.32000732421875,238.49000549316406,240.0,54870400,AAPL
2025-09-08,237.8800048828125,237.8800048828125,240.14999389648438,236.33999633789062,239.3000030517578,48999500,AAPL
2025-09-09,234.35000610351562,234.35000610351562,238.77999877929688,233.36000061035156,237.0,66313900,AAPL
2025-09-10,226.7899932861328,226.7899932861328,232.4199981689453,225.9499969482422,232.19000244140625,83440800,AAPL
2025-09-11,230.02999877929688,230.02999877929688,230.4499969482422,226.64999389648438,226.8800048828125,50208600,AAPL
2025-09-12,234.07000732421875,234.07000732421875,234.50999450683594,229.02000427246094,229.22000122070312,55824200,AAPL
2025-09-15,236.6999969482422,236.6999969482422,238.19000244140625,235.02999877929688,237.0,42699500,AAPL
2025-09-16,238.14999389648438,238.14999389648438,241.22000122070312,236.32000732421875,237.17999267578125,63384900,AAPL
